archive_path,size_bytes
outputs/baseline-sweep/with-degradation/baseline_comparison_120d.csv,14781
outputs/baseline-sweep/with-degradation/baseline_comparison_partial.csv,35673
outputs/baseline-sweep/with-degradation/baseline_summary_120d.csv,8209
outputs/baseline-sweep/with-degradation/critical_50/2009-05/load_shifting/metrics.json,2590
outputs/baseline-sweep/with-degradation/critical_50/2009-05/load_shifting/operation_final.parquet,257403
outputs/baseline-sweep/with-degradation/critical_50/2009-05/load_shifting/outage_calendar.json,542
outputs/baseline-sweep/with-degradation/critical_50/2009-05/load_shifting/parameters_used.json,6113
outputs/baseline-sweep/with-degradation/critical_50/2009-05/peak_shaving/metrics.json,2680
outputs/baseline-sweep/with-degradation/critical_50/2009-05/peak_shaving/operation_final.parquet,274265
outputs/baseline-sweep/with-degradation/critical_50/2009-05/peak_shaving/outage_calendar.json,542
outputs/baseline-sweep/with-degradation/critical_50/2009-05/peak_shaving/parameters_used.json,6166
outputs/baseline-sweep/with-degradation/critical_50/2009-05/reserve_only/metrics.json,2579
outputs/baseline-sweep/with-degradation/critical_50/2009-05/reserve_only/operation_final.parquet,245027
outputs/baseline-sweep/with-degradation/critical_50/2009-05/reserve_only/outage_calendar.json,542
outputs/baseline-sweep/with-degradation/critical_50/2009-05/reserve_only/parameters_used.json,6090
outputs/baseline-sweep/with-degradation/critical_50/2009-05/self_consumption/metrics.json,2559
outputs/baseline-sweep/with-degradation/critical_50/2009-05/self_consumption/operation_final.parquet,280695
outputs/baseline-sweep/with-degradation/critical_50/2009-05/self_consumption/outage_calendar.json,542
outputs/baseline-sweep/with-degradation/critical_50/2009-05/self_consumption/parameters_used.json,6068
outputs/baseline-sweep/with-degradation/critical_50/2009-06/load_shifting/metrics.json,2608
outputs/baseline-sweep/with-degradation/critical_50/2009-06/load_shifting/operation_final.parquet,248791
outputs/baseline-sweep/with-degradation/critical_50/2009-06/load_shifting/outage_calendar.json,545
outputs/baseline-sweep/with-degradation/critical_50/2009-06/load_shifting/parameters_used.json,6113
outputs/baseline-sweep/with-degradation/critical_50/2009-06/peak_shaving/metrics.json,2661
outputs/baseline-sweep/with-degradation/critical_50/2009-06/peak_shaving/operation_final.parquet,264371
outputs/baseline-sweep/with-degradation/critical_50/2009-06/peak_shaving/outage_calendar.json,545
outputs/baseline-sweep/with-degradation/critical_50/2009-06/peak_shaving/parameters_used.json,6166
outputs/baseline-sweep/with-degradation/critical_50/2009-06/reserve_only/metrics.json,2594
outputs/baseline-sweep/with-degradation/critical_50/2009-06/reserve_only/operation_final.parquet,235612
outputs/baseline-sweep/with-degradation/critical_50/2009-06/reserve_only/outage_calendar.json,545
outputs/baseline-sweep/with-degradation/critical_50/2009-06/reserve_only/parameters_used.json,6090
outputs/baseline-sweep/with-degradation/critical_50/2009-06/self_consumption/metrics.json,2544
outputs/baseline-sweep/with-degradation/critical_50/2009-06/self_consumption/operation_final.parquet,274163
outputs/baseline-sweep/with-degradation/critical_50/2009-06/self_consumption/outage_calendar.json,545
outputs/baseline-sweep/with-degradation/critical_50/2009-06/self_consumption/parameters_used.json,6068
outputs/baseline-sweep/with-degradation/critical_50/2009-07/load_shifting/metrics.json,2595
outputs/baseline-sweep/with-degradation/critical_50/2009-07/load_shifting/operation_final.parquet,255692
outputs/baseline-sweep/with-degradation/critical_50/2009-07/load_shifting/outage_calendar.json,393
outputs/baseline-sweep/with-degradation/critical_50/2009-07/load_shifting/parameters_used.json,6113
outputs/baseline-sweep/with-degradation/critical_50/2009-07/peak_shaving/metrics.json,2661
outputs/baseline-sweep/with-degradation/critical_50/2009-07/peak_shaving/operation_final.parquet,266697
outputs/baseline-sweep/with-degradation/critical_50/2009-07/peak_shaving/outage_calendar.json,393
outputs/baseline-sweep/with-degradation/critical_50/2009-07/peak_shaving/parameters_used.json,6166
outputs/baseline-sweep/with-degradation/critical_50/2009-07/reserve_only/metrics.json,2574
outputs/baseline-sweep/with-degradation/critical_50/2009-07/reserve_only/operation_final.parquet,243870
outputs/baseline-sweep/with-degradation/critical_50/2009-07/reserve_only/outage_calendar.json,393
outputs/baseline-sweep/with-degradation/critical_50/2009-07/reserve_only/parameters_used.json,6090
outputs/baseline-sweep/with-degradation/critical_50/2009-07/self_consumption/metrics.json,2544
outputs/baseline-sweep/with-degradation/critical_50/2009-07/self_consumption/operation_final.parquet,290990
outputs/baseline-sweep/with-degradation/critical_50/2009-07/self_consumption/outage_calendar.json,393
outputs/baseline-sweep/with-degradation/critical_50/2009-07/self_consumption/parameters_used.json,6068
outputs/baseline-sweep/with-degradation/critical_50/2009-08/load_shifting/metrics.json,2615
outputs/baseline-sweep/with-degradation/critical_50/2009-08/load_shifting/operation_final.parquet,226291
outputs/baseline-sweep/with-degradation/critical_50/2009-08/load_shifting/outage_calendar.json,696
outputs/baseline-sweep/with-degradation/critical_50/2009-08/load_shifting/parameters_used.json,6113
outputs/baseline-sweep/with-degradation/critical_50/2009-08/peak_shaving/metrics.json,2678
outputs/baseline-sweep/with-degradation/critical_50/2009-08/peak_shaving/operation_final.parquet,227505
outputs/baseline-sweep/with-degradation/critical_50/2009-08/peak_shaving/outage_calendar.json,696
outputs/baseline-sweep/with-degradation/critical_50/2009-08/peak_shaving/parameters_used.json,6166
outputs/baseline-sweep/with-degradation/critical_50/2009-08/reserve_only/metrics.json,2582
outputs/baseline-sweep/with-degradation/critical_50/2009-08/reserve_only/operation_final.parquet,217633
outputs/baseline-sweep/with-degradation/critical_50/2009-08/reserve_only/outage_calendar.json,696
outputs/baseline-sweep/with-degradation/critical_50/2009-08/reserve_only/parameters_used.json,6090
outputs/baseline-sweep/with-degradation/critical_50/2009-08/self_consumption/metrics.json,2568
outputs/baseline-sweep/with-degradation/critical_50/2009-08/self_consumption/operation_final.parquet,257747
outputs/baseline-sweep/with-degradation/critical_50/2009-08/self_consumption/outage_calendar.json,696
outputs/baseline-sweep/with-degradation/critical_50/2009-08/self_consumption/parameters_used.json,6068
outputs/baseline-sweep/with-degradation/critical_50/2009-09/load_shifting/metrics.json,2609
outputs/baseline-sweep/with-degradation/critical_50/2009-09/load_shifting/operation_final.parquet,257350
outputs/baseline-sweep/with-degradation/critical_50/2009-09/load_shifting/outage_calendar.json,394
outputs/baseline-sweep/with-degradation/critical_50/2009-09/load_shifting/parameters_used.json,6113
outputs/baseline-sweep/with-degradation/critical_50/2009-09/peak_shaving/metrics.json,2661
outputs/baseline-sweep/with-degradation/critical_50/2009-09/peak_shaving/operation_final.parquet,269898
outputs/baseline-sweep/with-degradation/critical_50/2009-09/peak_shaving/outage_calendar.json,394
outputs/baseline-sweep/with-degradation/critical_50/2009-09/peak_shaving/parameters_used.json,6166
outputs/baseline-sweep/with-degradation/critical_50/2009-09/reserve_only/metrics.json,2578
outputs/baseline-sweep/with-degradation/critical_50/2009-09/reserve_only/operation_final.parquet,247003
outputs/baseline-sweep/with-degradation/critical_50/2009-09/reserve_only/outage_calendar.json,394
outputs/baseline-sweep/with-degradation/critical_50/2009-09/reserve_only/parameters_used.json,6090
outputs/baseline-sweep/with-degradation/critical_50/2009-09/self_consumption/metrics.json,2580
outputs/baseline-sweep/with-degradation/critical_50/2009-09/self_consumption/operation_final.parquet,291650
outputs/baseline-sweep/with-degradation/critical_50/2009-09/self_consumption/outage_calendar.json,394
outputs/baseline-sweep/with-degradation/critical_50/2009-09/self_consumption/parameters_used.json,6068
outputs/baseline-sweep/with-degradation/critical_50/2009-10/load_shifting/metrics.json,2606
outputs/baseline-sweep/with-degradation/critical_50/2009-10/load_shifting/operation_final.parquet,269200
outputs/baseline-sweep/with-degradation/critical_50/2009-10/load_shifting/outage_calendar.json,394
outputs/baseline-sweep/with-degradation/critical_50/2009-10/load_shifting/parameters_used.json,6113
outputs/baseline-sweep/with-degradation/critical_50/2009-10/peak_shaving/metrics.json,2663
outputs/baseline-sweep/with-degradation/critical_50/2009-10/peak_shaving/operation_final.parquet,287445
outputs/baseline-sweep/with-degradation/critical_50/2009-10/peak_shaving/outage_calendar.json,394
outputs/baseline-sweep/with-degradation/critical_50/2009-10/peak_shaving/parameters_used.json,6166
outputs/baseline-sweep/with-degradation/critical_50/2009-10/reserve_only/metrics.json,2580
outputs/baseline-sweep/with-degradation/critical_50/2009-10/reserve_only/operation_final.parquet,255464
outputs/baseline-sweep/with-degradation/critical_50/2009-10/reserve_only/outage_calendar.json,394
outputs/baseline-sweep/with-degradation/critical_50/2009-10/reserve_only/parameters_used.json,6090
outputs/baseline-sweep/with-degradation/critical_50/2009-10/self_consumption/metrics.json,2547
outputs/baseline-sweep/with-degradation/critical_50/2009-10/self_consumption/operation_final.parquet,300020
outputs/baseline-sweep/with-degradation/critical_50/2009-10/self_consumption/outage_calendar.json,394
outputs/baseline-sweep/with-degradation/critical_50/2009-10/self_consumption/parameters_used.json,6068
outputs/baseline-sweep/with-degradation/critical_50/2009-11/load_shifting/metrics.json,2609
outputs/baseline-sweep/with-degradation/critical_50/2009-11/load_shifting/operation_final.parquet,271266
outputs/baseline-sweep/with-degradation/critical_50/2009-11/load_shifting/outage_calendar.json,240
outputs/baseline-sweep/with-degradation/critical_50/2009-11/load_shifting/parameters_used.json,6113
outputs/baseline-sweep/with-degradation/critical_50/2009-11/peak_shaving/metrics.json,2664
outputs/baseline-sweep/with-degradation/critical_50/2009-11/peak_shaving/operation_final.parquet,286404
outputs/baseline-sweep/with-degradation/critical_50/2009-11/peak_shaving/outage_calendar.json,240
outputs/baseline-sweep/with-degradation/critical_50/2009-11/peak_shaving/parameters_used.json,6166
outputs/baseline-sweep/with-degradation/critical_50/2009-11/reserve_only/metrics.json,2548
outputs/baseline-sweep/with-degradation/critical_50/2009-11/reserve_only/operation_final.parquet,254818
outputs/baseline-sweep/with-degradation/critical_50/2009-11/reserve_only/outage_calendar.json,240
outputs/baseline-sweep/with-degradation/critical_50/2009-11/reserve_only/parameters_used.json,6090
outputs/baseline-sweep/with-degradation/critical_50/2009-11/self_consumption/metrics.json,2558
outputs/baseline-sweep/with-degradation/critical_50/2009-11/self_consumption/operation_final.parquet,294244
outputs/baseline-sweep/with-degradation/critical_50/2009-11/self_consumption/outage_calendar.json,240
outputs/baseline-sweep/with-degradation/critical_50/2009-11/self_consumption/parameters_used.json,6068
outputs/baseline-sweep/with-degradation/critical_50/2009-12/load_shifting/metrics.json,2630
outputs/baseline-sweep/with-degradation/critical_50/2009-12/load_shifting/operation_final.parquet,267469
outputs/baseline-sweep/with-degradation/critical_50/2009-12/load_shifting/outage_calendar.json,545
outputs/baseline-sweep/with-degradation/critical_50/2009-12/load_shifting/parameters_used.json,6113
outputs/baseline-sweep/with-degradation/critical_50/2009-12/peak_shaving/metrics.json,2682
outputs/baseline-sweep/with-degradation/critical_50/2009-12/peak_shaving/operation_final.parquet,270905
outputs/baseline-sweep/with-degradation/critical_50/2009-12/peak_shaving/outage_calendar.json,545
outputs/baseline-sweep/with-degradation/critical_50/2009-12/peak_shaving/parameters_used.json,6166
outputs/baseline-sweep/with-degradation/critical_50/2009-12/reserve_only/metrics.json,2599
outputs/baseline-sweep/with-degradation/critical_50/2009-12/reserve_only/operation_final.parquet,251854
outputs/baseline-sweep/with-degradation/critical_50/2009-12/reserve_only/outage_calendar.json,545
outputs/baseline-sweep/with-degradation/critical_50/2009-12/reserve_only/parameters_used.json,6090
outputs/baseline-sweep/with-degradation/critical_50/2009-12/self_consumption/metrics.json,2585
outputs/baseline-sweep/with-degradation/critical_50/2009-12/self_consumption/operation_final.parquet,272027
outputs/baseline-sweep/with-degradation/critical_50/2009-12/self_consumption/outage_calendar.json,545
outputs/baseline-sweep/with-degradation/critical_50/2009-12/self_consumption/parameters_used.json,6068
outputs/baseline-sweep/with-degradation/critical_50/2010-01/load_shifting/metrics.json,2614
outputs/baseline-sweep/with-degradation/critical_50/2010-01/load_shifting/operation_final.parquet,269658
outputs/baseline-sweep/with-degradation/critical_50/2010-01/load_shifting/outage_calendar.json,393
outputs/baseline-sweep/with-degradation/critical_50/2010-01/load_shifting/parameters_used.json,6113
outputs/baseline-sweep/with-degradation/critical_50/2010-01/peak_shaving/metrics.json,2683
outputs/baseline-sweep/with-degradation/critical_50/2010-01/peak_shaving/operation_final.parquet,281178
outputs/baseline-sweep/with-degradation/critical_50/2010-01/peak_shaving/outage_calendar.json,393
outputs/baseline-sweep/with-degradation/critical_50/2010-01/peak_shaving/parameters_used.json,6166
outputs/baseline-sweep/with-degradation/critical_50/2010-01/reserve_only/metrics.json,2578
outputs/baseline-sweep/with-degradation/critical_50/2010-01/reserve_only/operation_final.parquet,254343
outputs/baseline-sweep/with-degradation/critical_50/2010-01/reserve_only/outage_calendar.json,393
outputs/baseline-sweep/with-degradation/critical_50/2010-01/reserve_only/parameters_used.json,6090
outputs/baseline-sweep/with-degradation/critical_50/2010-01/self_consumption/metrics.json,2581
outputs/baseline-sweep/with-degradation/critical_50/2010-01/self_consumption/operation_final.parquet,284215
outputs/baseline-sweep/with-degradation/critical_50/2010-01/self_consumption/outage_calendar.json,393
outputs/baseline-sweep/with-degradation/critical_50/2010-01/self_consumption/parameters_used.json,6068
outputs/baseline-sweep/with-degradation/critical_50/2010-02/load_shifting/metrics.json,2613
outputs/baseline-sweep/with-degradation/critical_50/2010-02/load_shifting/operation_final.parquet,280620
outputs/baseline-sweep/with-degradation/critical_50/2010-02/load_shifting/outage_calendar.json,240
outputs/baseline-sweep/with-degradation/critical_50/2010-02/load_shifting/parameters_used.json,6113
outputs/baseline-sweep/with-degradation/critical_50/2010-02/peak_shaving/metrics.json,2668
outputs/baseline-sweep/with-degradation/critical_50/2010-02/peak_shaving/operation_final.parquet,297772
outputs/baseline-sweep/with-degradation/critical_50/2010-02/peak_shaving/outage_calendar.json,240
outputs/baseline-sweep/with-degradation/critical_50/2010-02/peak_shaving/parameters_used.json,6166
outputs/baseline-sweep/with-degradation/critical_50/2010-02/reserve_only/metrics.json,2548
outputs/baseline-sweep/with-degradation/critical_50/2010-02/reserve_only/operation_final.parquet,266787
outputs/baseline-sweep/with-degradation/critical_50/2010-02/reserve_only/outage_calendar.json,240
outputs/baseline-sweep/with-degradation/critical_50/2010-02/reserve_only/parameters_used.json,6090
outputs/baseline-sweep/with-degradation/critical_50/2010-02/self_consumption/metrics.json,2547
outputs/baseline-sweep/with-degradation/critical_50/2010-02/self_consumption/operation_final.parquet,295829
outputs/baseline-sweep/with-degradation/critical_50/2010-02/self_consumption/outage_calendar.json,240
outputs/baseline-sweep/with-degradation/critical_50/2010-02/self_consumption/parameters_used.json,6068
outputs/baseline-sweep/with-degradation/critical_50/2010-03/load_shifting/metrics.json,2590
outputs/baseline-sweep/with-degradation/critical_50/2010-03/load_shifting/operation_final.parquet,257102
outputs/baseline-sweep/with-degradation/critical_50/2010-03/load_shifting/outage_calendar.json,393
outputs/baseline-sweep/with-degradation/critical_50/2010-03/load_shifting/parameters_used.json,6113
outputs/baseline-sweep/with-degradation/critical_50/2010-03/peak_shaving/metrics.json,2663
outputs/baseline-sweep/with-degradation/critical_50/2010-03/peak_shaving/operation_final.parquet,267550
outputs/baseline-sweep/with-degradation/critical_50/2010-03/peak_shaving/outage_calendar.json,393
outputs/baseline-sweep/with-degradation/critical_50/2010-03/peak_shaving/parameters_used.json,6166
outputs/baseline-sweep/with-degradation/critical_50/2010-03/reserve_only/metrics.json,2579
outputs/baseline-sweep/with-degradation/critical_50/2010-03/reserve_only/operation_final.parquet,246196
outputs/baseline-sweep/with-degradation/critical_50/2010-03/reserve_only/outage_calendar.json,393
outputs/baseline-sweep/with-degradation/critical_50/2010-03/reserve_only/parameters_used.json,6090
outputs/baseline-sweep/with-degradation/critical_50/2010-03/self_consumption/metrics.json,2563
outputs/baseline-sweep/with-degradation/critical_50/2010-03/self_consumption/operation_final.parquet,289880
outputs/baseline-sweep/with-degradation/critical_50/2010-03/self_consumption/outage_calendar.json,393
outputs/baseline-sweep/with-degradation/critical_50/2010-03/self_consumption/parameters_used.json,6068
outputs/baseline-sweep/with-degradation/critical_50/2010-04/load_shifting/metrics.json,2593
outputs/baseline-sweep/with-degradation/critical_50/2010-04/load_shifting/operation_final.parquet,258945
outputs/baseline-sweep/with-degradation/critical_50/2010-04/load_shifting/outage_calendar.json,394
outputs/baseline-sweep/with-degradation/critical_50/2010-04/load_shifting/parameters_used.json,6113
outputs/baseline-sweep/with-degradation/critical_50/2010-04/peak_shaving/metrics.json,2682
outputs/baseline-sweep/with-degradation/critical_50/2010-04/peak_shaving/operation_final.parquet,272974
outputs/baseline-sweep/with-degradation/critical_50/2010-04/peak_shaving/outage_calendar.json,394
outputs/baseline-sweep/with-degradation/critical_50/2010-04/peak_shaving/parameters_used.json,6166
outputs/baseline-sweep/with-degradation/critical_50/2010-04/reserve_only/metrics.json,2584
outputs/baseline-sweep/with-degradation/critical_50/2010-04/reserve_only/operation_final.parquet,242156
outputs/baseline-sweep/with-degradation/critical_50/2010-04/reserve_only/outage_calendar.json,394
outputs/baseline-sweep/with-degradation/critical_50/2010-04/reserve_only/parameters_used.json,6090
outputs/baseline-sweep/with-degradation/critical_50/2010-04/self_consumption/metrics.json,2559
outputs/baseline-sweep/with-degradation/critical_50/2010-04/self_consumption/operation_final.parquet,277209
outputs/baseline-sweep/with-degradation/critical_50/2010-04/self_consumption/outage_calendar.json,394
outputs/baseline-sweep/with-degradation/critical_50/2010-04/self_consumption/parameters_used.json,6068
outputs/baseline-sweep/with-degradation/critical_50/baseline_summary_120d.csv,3573
outputs/baseline-sweep/with-degradation/critical_50/controller_comparison_120d.csv,6234
outputs/baseline-sweep/with-degradation/critical_50/controller_comparison_partial.csv,13885
outputs/baseline-sweep/with-degradation/critical_50/manifest.json,1440
outputs/baseline-sweep/with-degradation/critical_50/pipeline_state.json,180
outputs/baseline-sweep/with-degradation/critical_50/summary.csv,76908
outputs/baseline-sweep/with-degradation/economic/2009-05/load_shifting/metrics.json,2551
outputs/baseline-sweep/with-degradation/economic/2009-05/load_shifting/operation_final.parquet,243952
outputs/baseline-sweep/with-degradation/economic/2009-05/load_shifting/outage_calendar.json,542
outputs/baseline-sweep/with-degradation/economic/2009-05/load_shifting/parameters_used.json,5999
outputs/baseline-sweep/with-degradation/economic/2009-05/peak_shaving/metrics.json,2607
outputs/baseline-sweep/with-degradation/economic/2009-05/peak_shaving/operation_final.parquet,244152
outputs/baseline-sweep/with-degradation/economic/2009-05/peak_shaving/outage_calendar.json,542
outputs/baseline-sweep/with-degradation/economic/2009-05/peak_shaving/parameters_used.json,6052
outputs/baseline-sweep/with-degradation/economic/2009-05/reserve_only/metrics.json,2535
outputs/baseline-sweep/with-degradation/economic/2009-05/reserve_only/operation_final.parquet,243800
outputs/baseline-sweep/with-degradation/economic/2009-05/reserve_only/outage_calendar.json,542
outputs/baseline-sweep/with-degradation/economic/2009-05/reserve_only/parameters_used.json,5976
outputs/baseline-sweep/with-degradation/economic/2009-05/self_consumption/metrics.json,2505
outputs/baseline-sweep/with-degradation/economic/2009-05/self_consumption/operation_final.parquet,243854
outputs/baseline-sweep/with-degradation/economic/2009-05/self_consumption/outage_calendar.json,542
outputs/baseline-sweep/with-degradation/economic/2009-05/self_consumption/parameters_used.json,5954
outputs/baseline-sweep/with-degradation/economic/2009-06/load_shifting/metrics.json,2550
outputs/baseline-sweep/with-degradation/economic/2009-06/load_shifting/operation_final.parquet,233562
outputs/baseline-sweep/with-degradation/economic/2009-06/load_shifting/outage_calendar.json,545
outputs/baseline-sweep/with-degradation/economic/2009-06/load_shifting/parameters_used.json,5999
outputs/baseline-sweep/with-degradation/economic/2009-06/peak_shaving/metrics.json,2604
outputs/baseline-sweep/with-degradation/economic/2009-06/peak_shaving/operation_final.parquet,233709
outputs/baseline-sweep/with-degradation/economic/2009-06/peak_shaving/outage_calendar.json,545
outputs/baseline-sweep/with-degradation/economic/2009-06/peak_shaving/parameters_used.json,6052
outputs/baseline-sweep/with-degradation/economic/2009-06/reserve_only/metrics.json,2532
outputs/baseline-sweep/with-degradation/economic/2009-06/reserve_only/operation_final.parquet,233564
outputs/baseline-sweep/with-degradation/economic/2009-06/reserve_only/outage_calendar.json,545
outputs/baseline-sweep/with-degradation/economic/2009-06/reserve_only/parameters_used.json,5976
outputs/baseline-sweep/with-degradation/economic/2009-06/self_consumption/metrics.json,2502
outputs/baseline-sweep/with-degradation/economic/2009-06/self_consumption/operation_final.parquet,233678
outputs/baseline-sweep/with-degradation/economic/2009-06/self_consumption/outage_calendar.json,545
outputs/baseline-sweep/with-degradation/economic/2009-06/self_consumption/parameters_used.json,5954
outputs/baseline-sweep/with-degradation/economic/2009-07/load_shifting/metrics.json,2549
outputs/baseline-sweep/with-degradation/economic/2009-07/load_shifting/operation_final.parquet,240478
outputs/baseline-sweep/with-degradation/economic/2009-07/load_shifting/outage_calendar.json,393
outputs/baseline-sweep/with-degradation/economic/2009-07/load_shifting/parameters_used.json,5999
outputs/baseline-sweep/with-degradation/economic/2009-07/peak_shaving/metrics.json,2603
outputs/baseline-sweep/with-degradation/economic/2009-07/peak_shaving/operation_final.parquet,240657
outputs/baseline-sweep/with-degradation/economic/2009-07/peak_shaving/outage_calendar.json,393
outputs/baseline-sweep/with-degradation/economic/2009-07/peak_shaving/parameters_used.json,6052
outputs/baseline-sweep/with-degradation/economic/2009-07/reserve_only/metrics.json,2531
outputs/baseline-sweep/with-degradation/economic/2009-07/reserve_only/operation_final.parquet,240391
outputs/baseline-sweep/with-degradation/economic/2009-07/reserve_only/outage_calendar.json,393
outputs/baseline-sweep/with-degradation/economic/2009-07/reserve_only/parameters_used.json,5976
outputs/baseline-sweep/with-degradation/economic/2009-07/self_consumption/metrics.json,2501
outputs/baseline-sweep/with-degradation/economic/2009-07/self_consumption/operation_final.parquet,240430
outputs/baseline-sweep/with-degradation/economic/2009-07/self_consumption/outage_calendar.json,393
outputs/baseline-sweep/with-degradation/economic/2009-07/self_consumption/parameters_used.json,5954
outputs/baseline-sweep/with-degradation/economic/2009-08/load_shifting/metrics.json,2548
outputs/baseline-sweep/with-degradation/economic/2009-08/load_shifting/operation_final.parquet,214200
outputs/baseline-sweep/with-degradation/economic/2009-08/load_shifting/outage_calendar.json,696
outputs/baseline-sweep/with-degradation/economic/2009-08/load_shifting/parameters_used.json,5999
outputs/baseline-sweep/with-degradation/economic/2009-08/peak_shaving/metrics.json,2602
outputs/baseline-sweep/with-degradation/economic/2009-08/peak_shaving/operation_final.parquet,213909
outputs/baseline-sweep/with-degradation/economic/2009-08/peak_shaving/outage_calendar.json,696
outputs/baseline-sweep/with-degradation/economic/2009-08/peak_shaving/parameters_used.json,6052
outputs/baseline-sweep/with-degradation/economic/2009-08/reserve_only/metrics.json,2531
outputs/baseline-sweep/with-degradation/economic/2009-08/reserve_only/operation_final.parquet,214264
outputs/baseline-sweep/with-degradation/economic/2009-08/reserve_only/outage_calendar.json,696
outputs/baseline-sweep/with-degradation/economic/2009-08/reserve_only/parameters_used.json,5976
outputs/baseline-sweep/with-degradation/economic/2009-08/self_consumption/metrics.json,2500
outputs/baseline-sweep/with-degradation/economic/2009-08/self_consumption/operation_final.parquet,215625
outputs/baseline-sweep/with-degradation/economic/2009-08/self_consumption/outage_calendar.json,696
outputs/baseline-sweep/with-degradation/economic/2009-08/self_consumption/parameters_used.json,5954
outputs/baseline-sweep/with-degradation/economic/2009-09/load_shifting/metrics.json,2547
outputs/baseline-sweep/with-degradation/economic/2009-09/load_shifting/operation_final.parquet,243667
outputs/baseline-sweep/with-degradation/economic/2009-09/load_shifting/outage_calendar.json,394
outputs/baseline-sweep/with-degradation/economic/2009-09/load_shifting/parameters_used.json,5999
outputs/baseline-sweep/with-degradation/economic/2009-09/peak_shaving/metrics.json,2603
outputs/baseline-sweep/with-degradation/economic/2009-09/peak_shaving/operation_final.parquet,243544
outputs/baseline-sweep/with-degradation/economic/2009-09/peak_shaving/outage_calendar.json,394
outputs/baseline-sweep/with-degradation/economic/2009-09/peak_shaving/parameters_used.json,6052
outputs/baseline-sweep/with-degradation/economic/2009-09/reserve_only/metrics.json,2531
outputs/baseline-sweep/with-degradation/economic/2009-09/reserve_only/operation_final.parquet,243546
outputs/baseline-sweep/with-degradation/economic/2009-09/reserve_only/outage_calendar.json,394
outputs/baseline-sweep/with-degradation/economic/2009-09/reserve_only/parameters_used.json,5976
outputs/baseline-sweep/with-degradation/economic/2009-09/self_consumption/metrics.json,2500
outputs/baseline-sweep/with-degradation/economic/2009-09/self_consumption/operation_final.parquet,243679
outputs/baseline-sweep/with-degradation/economic/2009-09/self_consumption/outage_calendar.json,394
outputs/baseline-sweep/with-degradation/economic/2009-09/self_consumption/parameters_used.json,5954
outputs/baseline-sweep/with-degradation/economic/2009-10/load_shifting/metrics.json,2538
outputs/baseline-sweep/with-degradation/economic/2009-10/load_shifting/operation_final.parquet,254100
outputs/baseline-sweep/with-degradation/economic/2009-10/load_shifting/outage_calendar.json,394
outputs/baseline-sweep/with-degradation/economic/2009-10/load_shifting/parameters_used.json,5999
outputs/baseline-sweep/with-degradation/economic/2009-10/peak_shaving/metrics.json,2592
outputs/baseline-sweep/with-degradation/economic/2009-10/peak_shaving/operation_final.parquet,254086
outputs/baseline-sweep/with-degradation/economic/2009-10/peak_shaving/outage_calendar.json,394
outputs/baseline-sweep/with-degradation/economic/2009-10/peak_shaving/parameters_used.json,6052
outputs/baseline-sweep/with-degradation/economic/2009-10/reserve_only/metrics.json,2519
outputs/baseline-sweep/with-degradation/economic/2009-10/reserve_only/operation_final.parquet,254109
outputs/baseline-sweep/with-degradation/economic/2009-10/reserve_only/outage_calendar.json,394
outputs/baseline-sweep/with-degradation/economic/2009-10/reserve_only/parameters_used.json,5976
outputs/baseline-sweep/with-degradation/economic/2009-10/self_consumption/metrics.json,2490
outputs/baseline-sweep/with-degradation/economic/2009-10/self_consumption/operation_final.parquet,254168
outputs/baseline-sweep/with-degradation/economic/2009-10/self_consumption/outage_calendar.json,394
outputs/baseline-sweep/with-degradation/economic/2009-10/self_consumption/parameters_used.json,5954
outputs/baseline-sweep/with-degradation/economic/2009-11/load_shifting/metrics.json,2532
outputs/baseline-sweep/with-degradation/economic/2009-11/load_shifting/operation_final.parquet,254263
outputs/baseline-sweep/with-degradation/economic/2009-11/load_shifting/outage_calendar.json,240
outputs/baseline-sweep/with-degradation/economic/2009-11/load_shifting/parameters_used.json,5999
outputs/baseline-sweep/with-degradation/economic/2009-11/peak_shaving/metrics.json,2588
outputs/baseline-sweep/with-degradation/economic/2009-11/peak_shaving/operation_final.parquet,254409
outputs/baseline-sweep/with-degradation/economic/2009-11/peak_shaving/outage_calendar.json,240
outputs/baseline-sweep/with-degradation/economic/2009-11/peak_shaving/parameters_used.json,6052
outputs/baseline-sweep/with-degradation/economic/2009-11/reserve_only/metrics.json,2516
outputs/baseline-sweep/with-degradation/economic/2009-11/reserve_only/operation_final.parquet,254445
outputs/baseline-sweep/with-degradation/economic/2009-11/reserve_only/outage_calendar.json,240
outputs/baseline-sweep/with-degradation/economic/2009-11/reserve_only/parameters_used.json,5976
outputs/baseline-sweep/with-degradation/economic/2009-11/self_consumption/metrics.json,2485
outputs/baseline-sweep/with-degradation/economic/2009-11/self_consumption/operation_final.parquet,254446
outputs/baseline-sweep/with-degradation/economic/2009-11/self_consumption/outage_calendar.json,240
outputs/baseline-sweep/with-degradation/economic/2009-11/self_consumption/parameters_used.json,5954
outputs/baseline-sweep/with-degradation/economic/2009-12/load_shifting/metrics.json,2547
outputs/baseline-sweep/with-degradation/economic/2009-12/load_shifting/operation_final.parquet,250553
outputs/baseline-sweep/with-degradation/economic/2009-12/load_shifting/outage_calendar.json,545
outputs/baseline-sweep/with-degradation/economic/2009-12/load_shifting/parameters_used.json,5999
outputs/baseline-sweep/with-degradation/economic/2009-12/peak_shaving/metrics.json,2603
outputs/baseline-sweep/with-degradation/economic/2009-12/peak_shaving/operation_final.parquet,250530
outputs/baseline-sweep/with-degradation/economic/2009-12/peak_shaving/outage_calendar.json,545
outputs/baseline-sweep/with-degradation/economic/2009-12/peak_shaving/parameters_used.json,6052
outputs/baseline-sweep/with-degradation/economic/2009-12/reserve_only/metrics.json,2530
outputs/baseline-sweep/with-degradation/economic/2009-12/reserve_only/operation_final.parquet,250862
outputs/baseline-sweep/with-degradation/economic/2009-12/reserve_only/outage_calendar.json,545
outputs/baseline-sweep/with-degradation/economic/2009-12/reserve_only/parameters_used.json,5976
outputs/baseline-sweep/with-degradation/economic/2009-12/self_consumption/metrics.json,2500
outputs/baseline-sweep/with-degradation/economic/2009-12/self_consumption/operation_final.parquet,250314
outputs/baseline-sweep/with-degradation/economic/2009-12/self_consumption/outage_calendar.json,545
outputs/baseline-sweep/with-degradation/economic/2009-12/self_consumption/parameters_used.json,5954
outputs/baseline-sweep/with-degradation/economic/2010-01/load_shifting/metrics.json,2551
outputs/baseline-sweep/with-degradation/economic/2010-01/load_shifting/operation_final.parquet,253323
outputs/baseline-sweep/with-degradation/economic/2010-01/load_shifting/outage_calendar.json,393
outputs/baseline-sweep/with-degradation/economic/2010-01/load_shifting/parameters_used.json,5999
outputs/baseline-sweep/with-degradation/economic/2010-01/peak_shaving/metrics.json,2606
outputs/baseline-sweep/with-degradation/economic/2010-01/peak_shaving/operation_final.parquet,253273
outputs/baseline-sweep/with-degradation/economic/2010-01/peak_shaving/outage_calendar.json,393
outputs/baseline-sweep/with-degradation/economic/2010-01/peak_shaving/parameters_used.json,6052
outputs/baseline-sweep/with-degradation/economic/2010-01/reserve_only/metrics.json,2533
outputs/baseline-sweep/with-degradation/economic/2010-01/reserve_only/operation_final.parquet,253074
outputs/baseline-sweep/with-degradation/economic/2010-01/reserve_only/outage_calendar.json,393
outputs/baseline-sweep/with-degradation/economic/2010-01/reserve_only/parameters_used.json,5976
outputs/baseline-sweep/with-degradation/economic/2010-01/self_consumption/metrics.json,2503
outputs/baseline-sweep/with-degradation/economic/2010-01/self_consumption/operation_final.parquet,252974
outputs/baseline-sweep/with-degradation/economic/2010-01/self_consumption/outage_calendar.json,393
outputs/baseline-sweep/with-degradation/economic/2010-01/self_consumption/parameters_used.json,5954
outputs/baseline-sweep/with-degradation/economic/2010-02/load_shifting/metrics.json,2534
outputs/baseline-sweep/with-degradation/economic/2010-02/load_shifting/operation_final.parquet,264934
outputs/baseline-sweep/with-degradation/economic/2010-02/load_shifting/outage_calendar.json,240
outputs/baseline-sweep/with-degradation/economic/2010-02/load_shifting/parameters_used.json,5999
outputs/baseline-sweep/with-degradation/economic/2010-02/peak_shaving/metrics.json,2590
outputs/baseline-sweep/with-degradation/economic/2010-02/peak_shaving/operation_final.parquet,265130
outputs/baseline-sweep/with-degradation/economic/2010-02/peak_shaving/outage_calendar.json,240
outputs/baseline-sweep/with-degradation/economic/2010-02/peak_shaving/parameters_used.json,6052
outputs/baseline-sweep/with-degradation/economic/2010-02/reserve_only/metrics.json,2516
outputs/baseline-sweep/with-degradation/economic/2010-02/reserve_only/operation_final.parquet,265065
outputs/baseline-sweep/with-degradation/economic/2010-02/reserve_only/outage_calendar.json,240
outputs/baseline-sweep/with-degradation/economic/2010-02/reserve_only/parameters_used.json,5976
outputs/baseline-sweep/with-degradation/economic/2010-02/self_consumption/metrics.json,2488
outputs/baseline-sweep/with-degradation/economic/2010-02/self_consumption/operation_final.parquet,265044
outputs/baseline-sweep/with-degradation/economic/2010-02/self_consumption/outage_calendar.json,240
outputs/baseline-sweep/with-degradation/economic/2010-02/self_consumption/parameters_used.json,5954
outputs/baseline-sweep/with-degradation/economic/2010-03/load_shifting/metrics.json,2542
outputs/baseline-sweep/with-degradation/economic/2010-03/load_shifting/operation_final.parquet,245290
outputs/baseline-sweep/with-degradation/economic/2010-03/load_shifting/outage_calendar.json,393
outputs/baseline-sweep/with-degradation/economic/2010-03/load_shifting/parameters_used.json,5999
outputs/baseline-sweep/with-degradation/economic/2010-03/peak_shaving/metrics.json,2596
outputs/baseline-sweep/with-degradation/economic/2010-03/peak_shaving/operation_final.parquet,245339
outputs/baseline-sweep/with-degradation/economic/2010-03/peak_shaving/outage_calendar.json,393
outputs/baseline-sweep/with-degradation/economic/2010-03/peak_shaving/parameters_used.json,6052
outputs/baseline-sweep/with-degradation/economic/2010-03/reserve_only/metrics.json,2527
outputs/baseline-sweep/with-degradation/economic/2010-03/reserve_only/operation_final.parquet,245343
outputs/baseline-sweep/with-degradation/economic/2010-03/reserve_only/outage_calendar.json,393
outputs/baseline-sweep/with-degradation/economic/2010-03/reserve_only/parameters_used.json,5976
outputs/baseline-sweep/with-degradation/economic/2010-03/self_consumption/metrics.json,2495
outputs/baseline-sweep/with-degradation/economic/2010-03/self_consumption/operation_final.parquet,245365
outputs/baseline-sweep/with-degradation/economic/2010-03/self_consumption/outage_calendar.json,393
outputs/baseline-sweep/with-degradation/economic/2010-03/self_consumption/parameters_used.json,5954
outputs/baseline-sweep/with-degradation/economic/2010-04/load_shifting/metrics.json,2549
outputs/baseline-sweep/with-degradation/economic/2010-04/load_shifting/operation_final.parquet,241210
outputs/baseline-sweep/with-degradation/economic/2010-04/load_shifting/outage_calendar.json,394
outputs/baseline-sweep/with-degradation/economic/2010-04/load_shifting/parameters_used.json,5999
outputs/baseline-sweep/with-degradation/economic/2010-04/peak_shaving/metrics.json,2606
outputs/baseline-sweep/with-degradation/economic/2010-04/peak_shaving/operation_final.parquet,241224
outputs/baseline-sweep/with-degradation/economic/2010-04/peak_shaving/outage_calendar.json,394
outputs/baseline-sweep/with-degradation/economic/2010-04/peak_shaving/parameters_used.json,6052
outputs/baseline-sweep/with-degradation/economic/2010-04/reserve_only/metrics.json,2534
outputs/baseline-sweep/with-degradation/economic/2010-04/reserve_only/operation_final.parquet,240926
outputs/baseline-sweep/with-degradation/economic/2010-04/reserve_only/outage_calendar.json,394
outputs/baseline-sweep/with-degradation/economic/2010-04/reserve_only/parameters_used.json,5976
outputs/baseline-sweep/with-degradation/economic/2010-04/self_consumption/metrics.json,2504
outputs/baseline-sweep/with-degradation/economic/2010-04/self_consumption/operation_final.parquet,241123
outputs/baseline-sweep/with-degradation/economic/2010-04/self_consumption/outage_calendar.json,394
outputs/baseline-sweep/with-degradation/economic/2010-04/self_consumption/parameters_used.json,5954
outputs/baseline-sweep/with-degradation/economic/baseline_summary_120d.csv,2983
outputs/baseline-sweep/with-degradation/economic/controller_comparison_120d.csv,4851
outputs/baseline-sweep/with-degradation/economic/controller_comparison_partial.csv,10994
outputs/baseline-sweep/with-degradation/economic/manifest.json,1437
outputs/baseline-sweep/with-degradation/economic/pipeline_state.json,180
outputs/baseline-sweep/with-degradation/economic/summary.csv,69797
outputs/baseline-sweep/with-degradation/full_100/2009-05/load_shifting/metrics.json,2609
outputs/baseline-sweep/with-degradation/full_100/2009-05/load_shifting/operation_final.parquet,253549
outputs/baseline-sweep/with-degradation/full_100/2009-05/load_shifting/outage_calendar.json,542
outputs/baseline-sweep/with-degradation/full_100/2009-05/load_shifting/parameters_used.json,6103
outputs/baseline-sweep/with-degradation/full_100/2009-05/peak_shaving/metrics.json,2659
outputs/baseline-sweep/with-degradation/full_100/2009-05/peak_shaving/operation_final.parquet,276642
outputs/baseline-sweep/with-degradation/full_100/2009-05/peak_shaving/outage_calendar.json,542
outputs/baseline-sweep/with-degradation/full_100/2009-05/peak_shaving/parameters_used.json,6155
outputs/baseline-sweep/with-degradation/full_100/2009-05/reserve_only/metrics.json,2577
outputs/baseline-sweep/with-degradation/full_100/2009-05/reserve_only/operation_final.parquet,246026
outputs/baseline-sweep/with-degradation/full_100/2009-05/reserve_only/outage_calendar.json,542
outputs/baseline-sweep/with-degradation/full_100/2009-05/reserve_only/parameters_used.json,6080
outputs/baseline-sweep/with-degradation/full_100/2009-05/self_consumption/metrics.json,2540
outputs/baseline-sweep/with-degradation/full_100/2009-05/self_consumption/operation_final.parquet,285964
outputs/baseline-sweep/with-degradation/full_100/2009-05/self_consumption/outage_calendar.json,542
outputs/baseline-sweep/with-degradation/full_100/2009-05/self_consumption/parameters_used.json,6058
outputs/baseline-sweep/with-degradation/full_100/2009-06/load_shifting/metrics.json,2610
outputs/baseline-sweep/with-degradation/full_100/2009-06/load_shifting/operation_final.parquet,245208
outputs/baseline-sweep/with-degradation/full_100/2009-06/load_shifting/outage_calendar.json,545
outputs/baseline-sweep/with-degradation/full_100/2009-06/load_shifting/parameters_used.json,6103
outputs/baseline-sweep/with-degradation/full_100/2009-06/peak_shaving/metrics.json,2656
outputs/baseline-sweep/with-degradation/full_100/2009-06/peak_shaving/operation_final.parquet,265507
outputs/baseline-sweep/with-degradation/full_100/2009-06/peak_shaving/outage_calendar.json,545
outputs/baseline-sweep/with-degradation/full_100/2009-06/peak_shaving/parameters_used.json,6155
outputs/baseline-sweep/with-degradation/full_100/2009-06/reserve_only/metrics.json,2570
outputs/baseline-sweep/with-degradation/full_100/2009-06/reserve_only/operation_final.parquet,235832
outputs/baseline-sweep/with-degradation/full_100/2009-06/reserve_only/outage_calendar.json,545
outputs/baseline-sweep/with-degradation/full_100/2009-06/reserve_only/parameters_used.json,6080
outputs/baseline-sweep/with-degradation/full_100/2009-06/self_consumption/metrics.json,2525
outputs/baseline-sweep/with-degradation/full_100/2009-06/self_consumption/operation_final.parquet,275568
outputs/baseline-sweep/with-degradation/full_100/2009-06/self_consumption/outage_calendar.json,545
outputs/baseline-sweep/with-degradation/full_100/2009-06/self_consumption/parameters_used.json,6058
outputs/baseline-sweep/with-degradation/full_100/2009-07/load_shifting/metrics.json,2605
outputs/baseline-sweep/with-degradation/full_100/2009-07/load_shifting/operation_final.parquet,252579
outputs/baseline-sweep/with-degradation/full_100/2009-07/load_shifting/outage_calendar.json,393
outputs/baseline-sweep/with-degradation/full_100/2009-07/load_shifting/parameters_used.json,6103
outputs/baseline-sweep/with-degradation/full_100/2009-07/peak_shaving/metrics.json,2661
outputs/baseline-sweep/with-degradation/full_100/2009-07/peak_shaving/operation_final.parquet,268219
outputs/baseline-sweep/with-degradation/full_100/2009-07/peak_shaving/outage_calendar.json,393
outputs/baseline-sweep/with-degradation/full_100/2009-07/peak_shaving/parameters_used.json,6155
outputs/baseline-sweep/with-degradation/full_100/2009-07/reserve_only/metrics.json,2574
outputs/baseline-sweep/with-degradation/full_100/2009-07/reserve_only/operation_final.parquet,243526
outputs/baseline-sweep/with-degradation/full_100/2009-07/reserve_only/outage_calendar.json,393
outputs/baseline-sweep/with-degradation/full_100/2009-07/reserve_only/parameters_used.json,6080
outputs/baseline-sweep/with-degradation/full_100/2009-07/self_consumption/metrics.json,2544
outputs/baseline-sweep/with-degradation/full_100/2009-07/self_consumption/operation_final.parquet,292683
outputs/baseline-sweep/with-degradation/full_100/2009-07/self_consumption/outage_calendar.json,393
outputs/baseline-sweep/with-degradation/full_100/2009-07/self_consumption/parameters_used.json,6058
outputs/baseline-sweep/with-degradation/full_100/2009-08/load_shifting/metrics.json,2594
outputs/baseline-sweep/with-degradation/full_100/2009-08/load_shifting/operation_final.parquet,223980
outputs/baseline-sweep/with-degradation/full_100/2009-08/load_shifting/outage_calendar.json,696
outputs/baseline-sweep/with-degradation/full_100/2009-08/load_shifting/parameters_used.json,6103
outputs/baseline-sweep/with-degradation/full_100/2009-08/peak_shaving/metrics.json,2650
outputs/baseline-sweep/with-degradation/full_100/2009-08/peak_shaving/operation_final.parquet,227701
outputs/baseline-sweep/with-degradation/full_100/2009-08/peak_shaving/outage_calendar.json,696
outputs/baseline-sweep/with-degradation/full_100/2009-08/peak_shaving/parameters_used.json,6155
outputs/baseline-sweep/with-degradation/full_100/2009-08/reserve_only/metrics.json,2573
outputs/baseline-sweep/with-degradation/full_100/2009-08/reserve_only/operation_final.parquet,217128
outputs/baseline-sweep/with-degradation/full_100/2009-08/reserve_only/outage_calendar.json,696
outputs/baseline-sweep/with-degradation/full_100/2009-08/reserve_only/parameters_used.json,6080
outputs/baseline-sweep/with-degradation/full_100/2009-08/self_consumption/metrics.json,2550
outputs/baseline-sweep/with-degradation/full_100/2009-08/self_consumption/operation_final.parquet,257181
outputs/baseline-sweep/with-degradation/full_100/2009-08/self_consumption/outage_calendar.json,696
outputs/baseline-sweep/with-degradation/full_100/2009-08/self_consumption/parameters_used.json,6058
outputs/baseline-sweep/with-degradation/full_100/2009-09/load_shifting/metrics.json,2586
outputs/baseline-sweep/with-degradation/full_100/2009-09/load_shifting/operation_final.parquet,253058
outputs/baseline-sweep/with-degradation/full_100/2009-09/load_shifting/outage_calendar.json,394
outputs/baseline-sweep/with-degradation/full_100/2009-09/load_shifting/parameters_used.json,6103
outputs/baseline-sweep/with-degradation/full_100/2009-09/peak_shaving/metrics.json,2661
outputs/baseline-sweep/with-degradation/full_100/2009-09/peak_shaving/operation_final.parquet,269950
outputs/baseline-sweep/with-degradation/full_100/2009-09/peak_shaving/outage_calendar.json,394
outputs/baseline-sweep/with-degradation/full_100/2009-09/peak_shaving/parameters_used.json,6155
outputs/baseline-sweep/with-degradation/full_100/2009-09/reserve_only/metrics.json,2571
outputs/baseline-sweep/with-degradation/full_100/2009-09/reserve_only/operation_final.parquet,246839
outputs/baseline-sweep/with-degradation/full_100/2009-09/reserve_only/outage_calendar.json,394
outputs/baseline-sweep/with-degradation/full_100/2009-09/reserve_only/parameters_used.json,6080
outputs/baseline-sweep/with-degradation/full_100/2009-09/self_consumption/metrics.json,2578
outputs/baseline-sweep/with-degradation/full_100/2009-09/self_consumption/operation_final.parquet,297408
outputs/baseline-sweep/with-degradation/full_100/2009-09/self_consumption/outage_calendar.json,394
outputs/baseline-sweep/with-degradation/full_100/2009-09/self_consumption/parameters_used.json,6058
outputs/baseline-sweep/with-degradation/full_100/2009-10/load_shifting/metrics.json,2609
outputs/baseline-sweep/with-degradation/full_100/2009-10/load_shifting/operation_final.parquet,261811
outputs/baseline-sweep/with-degradation/full_100/2009-10/load_shifting/outage_calendar.json,394
outputs/baseline-sweep/with-degradation/full_100/2009-10/load_shifting/parameters_used.json,6103
outputs/baseline-sweep/with-degradation/full_100/2009-10/peak_shaving/metrics.json,2661
outputs/baseline-sweep/with-degradation/full_100/2009-10/peak_shaving/operation_final.parquet,287417
outputs/baseline-sweep/with-degradation/full_100/2009-10/peak_shaving/outage_calendar.json,394
outputs/baseline-sweep/with-degradation/full_100/2009-10/peak_shaving/parameters_used.json,6155
outputs/baseline-sweep/with-degradation/full_100/2009-10/reserve_only/metrics.json,2575
outputs/baseline-sweep/with-degradation/full_100/2009-10/reserve_only/operation_final.parquet,255804
outputs/baseline-sweep/with-degradation/full_100/2009-10/reserve_only/outage_calendar.json,394
outputs/baseline-sweep/with-degradation/full_100/2009-10/reserve_only/parameters_used.json,6080
outputs/baseline-sweep/with-degradation/full_100/2009-10/self_consumption/metrics.json,2527
outputs/baseline-sweep/with-degradation/full_100/2009-10/self_consumption/operation_final.parquet,302354
outputs/baseline-sweep/with-degradation/full_100/2009-10/self_consumption/outage_calendar.json,394
outputs/baseline-sweep/with-degradation/full_100/2009-10/self_consumption/parameters_used.json,6058
outputs/baseline-sweep/with-degradation/full_100/2009-11/load_shifting/metrics.json,2605
outputs/baseline-sweep/with-degradation/full_100/2009-11/load_shifting/operation_final.parquet,262639
outputs/baseline-sweep/with-degradation/full_100/2009-11/load_shifting/outage_calendar.json,240
outputs/baseline-sweep/with-degradation/full_100/2009-11/load_shifting/parameters_used.json,6103
outputs/baseline-sweep/with-degradation/full_100/2009-11/peak_shaving/metrics.json,2661
outputs/baseline-sweep/with-degradation/full_100/2009-11/peak_shaving/operation_final.parquet,289083
outputs/baseline-sweep/with-degradation/full_100/2009-11/peak_shaving/outage_calendar.json,240
outputs/baseline-sweep/with-degradation/full_100/2009-11/peak_shaving/parameters_used.json,6155
outputs/baseline-sweep/with-degradation/full_100/2009-11/reserve_only/metrics.json,2545
outputs/baseline-sweep/with-degradation/full_100/2009-11/reserve_only/operation_final.parquet,256150
outputs/baseline-sweep/with-degradation/full_100/2009-11/reserve_only/outage_calendar.json,240
outputs/baseline-sweep/with-degradation/full_100/2009-11/reserve_only/parameters_used.json,6080
outputs/baseline-sweep/with-degradation/full_100/2009-11/self_consumption/metrics.json,2527
outputs/baseline-sweep/with-degradation/full_100/2009-11/self_consumption/operation_final.parquet,302205
outputs/baseline-sweep/with-degradation/full_100/2009-11/self_consumption/outage_calendar.json,240
outputs/baseline-sweep/with-degradation/full_100/2009-11/self_consumption/parameters_used.json,6058
outputs/baseline-sweep/with-degradation/full_100/2009-12/load_shifting/metrics.json,2609
outputs/baseline-sweep/with-degradation/full_100/2009-12/load_shifting/operation_final.parquet,257581
outputs/baseline-sweep/with-degradation/full_100/2009-12/load_shifting/outage_calendar.json,545
outputs/baseline-sweep/with-degradation/full_100/2009-12/load_shifting/parameters_used.json,6103
outputs/baseline-sweep/with-degradation/full_100/2009-12/peak_shaving/metrics.json,2677
outputs/baseline-sweep/with-degradation/full_100/2009-12/peak_shaving/operation_final.parquet,275121
outputs/baseline-sweep/with-degradation/full_100/2009-12/peak_shaving/outage_calendar.json,545
outputs/baseline-sweep/with-degradation/full_100/2009-12/peak_shaving/parameters_used.json,6155
outputs/baseline-sweep/with-degradation/full_100/2009-12/reserve_only/metrics.json,2575
outputs/baseline-sweep/with-degradation/full_100/2009-12/reserve_only/operation_final.parquet,251672
outputs/baseline-sweep/with-degradation/full_100/2009-12/reserve_only/outage_calendar.json,545
outputs/baseline-sweep/with-degradation/full_100/2009-12/reserve_only/parameters_used.json,6080
outputs/baseline-sweep/with-degradation/full_100/2009-12/self_consumption/metrics.json,2542
outputs/baseline-sweep/with-degradation/full_100/2009-12/self_consumption/operation_final.parquet,276730
outputs/baseline-sweep/with-degradation/full_100/2009-12/self_consumption/outage_calendar.json,545
outputs/baseline-sweep/with-degradation/full_100/2009-12/self_consumption/parameters_used.json,6058
outputs/baseline-sweep/with-degradation/full_100/2010-01/load_shifting/metrics.json,2605
outputs/baseline-sweep/with-degradation/full_100/2010-01/load_shifting/operation_final.parquet,261803
outputs/baseline-sweep/with-degradation/full_100/2010-01/load_shifting/outage_calendar.json,393
outputs/baseline-sweep/with-degradation/full_100/2010-01/load_shifting/parameters_used.json,6103
outputs/baseline-sweep/with-degradation/full_100/2010-01/peak_shaving/metrics.json,2678
outputs/baseline-sweep/with-degradation/full_100/2010-01/peak_shaving/operation_final.parquet,285408
outputs/baseline-sweep/with-degradation/full_100/2010-01/peak_shaving/outage_calendar.json,393
outputs/baseline-sweep/with-degradation/full_100/2010-01/peak_shaving/parameters_used.json,6155
outputs/baseline-sweep/with-degradation/full_100/2010-01/reserve_only/metrics.json,2575
outputs/baseline-sweep/with-degradation/full_100/2010-01/reserve_only/operation_final.parquet,253758
outputs/baseline-sweep/with-degradation/full_100/2010-01/reserve_only/outage_calendar.json,393
outputs/baseline-sweep/with-degradation/full_100/2010-01/reserve_only/parameters_used.json,6080
outputs/baseline-sweep/with-degradation/full_100/2010-01/self_consumption/metrics.json,2577
outputs/baseline-sweep/with-degradation/full_100/2010-01/self_consumption/operation_final.parquet,289253
outputs/baseline-sweep/with-degradation/full_100/2010-01/self_consumption/outage_calendar.json,393
outputs/baseline-sweep/with-degradation/full_100/2010-01/self_consumption/parameters_used.json,6058
outputs/baseline-sweep/with-degradation/full_100/2010-02/load_shifting/metrics.json,2607
outputs/baseline-sweep/with-degradation/full_100/2010-02/load_shifting/operation_final.parquet,270809
outputs/baseline-sweep/with-degradation/full_100/2010-02/load_shifting/outage_calendar.json,240
outputs/baseline-sweep/with-degradation/full_100/2010-02/load_shifting/parameters_used.json,6103
outputs/baseline-sweep/with-degradation/full_100/2010-02/peak_shaving/metrics.json,2664
outputs/baseline-sweep/with-degradation/full_100/2010-02/peak_shaving/operation_final.parquet,303304
outputs/baseline-sweep/with-degradation/full_100/2010-02/peak_shaving/outage_calendar.json,240
outputs/baseline-sweep/with-degradation/full_100/2010-02/peak_shaving/parameters_used.json,6155
outputs/baseline-sweep/with-degradation/full_100/2010-02/reserve_only/metrics.json,2544
outputs/baseline-sweep/with-degradation/full_100/2010-02/reserve_only/operation_final.parquet,265910
outputs/baseline-sweep/with-degradation/full_100/2010-02/reserve_only/outage_calendar.json,240
outputs/baseline-sweep/with-degradation/full_100/2010-02/reserve_only/parameters_used.json,6080
outputs/baseline-sweep/with-degradation/full_100/2010-02/self_consumption/metrics.json,2544
outputs/baseline-sweep/with-degradation/full_100/2010-02/self_consumption/operation_final.parquet,300188
outputs/baseline-sweep/with-degradation/full_100/2010-02/self_consumption/outage_calendar.json,240
outputs/baseline-sweep/with-degradation/full_100/2010-02/self_consumption/parameters_used.json,6058
outputs/baseline-sweep/with-degradation/full_100/2010-03/load_shifting/metrics.json,2589
outputs/baseline-sweep/with-degradation/full_100/2010-03/load_shifting/operation_final.parquet,254110
outputs/baseline-sweep/with-degradation/full_100/2010-03/load_shifting/outage_calendar.json,393
outputs/baseline-sweep/with-degradation/full_100/2010-03/load_shifting/parameters_used.json,6103
outputs/baseline-sweep/with-degradation/full_100/2010-03/peak_shaving/metrics.json,2661
outputs/baseline-sweep/with-degradation/full_100/2010-03/peak_shaving/operation_final.parquet,268858
outputs/baseline-sweep/with-degradation/full_100/2010-03/peak_shaving/outage_calendar.json,393
outputs/baseline-sweep/with-degradation/full_100/2010-03/peak_shaving/parameters_used.json,6155
outputs/baseline-sweep/with-degradation/full_100/2010-03/reserve_only/metrics.json,2573
outputs/baseline-sweep/with-degradation/full_100/2010-03/reserve_only/operation_final.parquet,245966
outputs/baseline-sweep/with-degradation/full_100/2010-03/reserve_only/outage_calendar.json,393
outputs/baseline-sweep/with-degradation/full_100/2010-03/reserve_only/parameters_used.json,6080
outputs/baseline-sweep/with-degradation/full_100/2010-03/self_consumption/metrics.json,2562
outputs/baseline-sweep/with-degradation/full_100/2010-03/self_consumption/operation_final.parquet,290214
outputs/baseline-sweep/with-degradation/full_100/2010-03/self_consumption/outage_calendar.json,393
outputs/baseline-sweep/with-degradation/full_100/2010-03/self_consumption/parameters_used.json,6058
outputs/baseline-sweep/with-degradation/full_100/2010-04/load_shifting/metrics.json,2590
outputs/baseline-sweep/with-degradation/full_100/2010-04/load_shifting/operation_final.parquet,250432
outputs/baseline-sweep/with-degradation/full_100/2010-04/load_shifting/outage_calendar.json,394
outputs/baseline-sweep/with-degradation/full_100/2010-04/load_shifting/parameters_used.json,6103
outputs/baseline-sweep/with-degradation/full_100/2010-04/peak_shaving/metrics.json,2659
outputs/baseline-sweep/with-degradation/full_100/2010-04/peak_shaving/operation_final.parquet,276398
outputs/baseline-sweep/with-degradation/full_100/2010-04/peak_shaving/outage_calendar.json,394
outputs/baseline-sweep/with-degradation/full_100/2010-04/peak_shaving/parameters_used.json,6155
outputs/baseline-sweep/with-degradation/full_100/2010-04/reserve_only/metrics.json,2576
outputs/baseline-sweep/with-degradation/full_100/2010-04/reserve_only/operation_final.parquet,242371
outputs/baseline-sweep/with-degradation/full_100/2010-04/reserve_only/outage_calendar.json,394
outputs/baseline-sweep/with-degradation/full_100/2010-04/reserve_only/parameters_used.json,6080
outputs/baseline-sweep/with-degradation/full_100/2010-04/self_consumption/metrics.json,2543
outputs/baseline-sweep/with-degradation/full_100/2010-04/self_consumption/operation_final.parquet,282879
outputs/baseline-sweep/with-degradation/full_100/2010-04/self_consumption/outage_calendar.json,394
outputs/baseline-sweep/with-degradation/full_100/2010-04/self_consumption/parameters_used.json,6058
outputs/baseline-sweep/with-degradation/full_100/baseline_summary_120d.csv,3339
outputs/baseline-sweep/with-degradation/full_100/controller_comparison_120d.csv,5700
outputs/baseline-sweep/with-degradation/full_100/controller_comparison_partial.csv,12888
outputs/baseline-sweep/with-degradation/full_100/manifest.json,1436
outputs/baseline-sweep/with-degradation/full_100/pipeline_state.json,180
outputs/baseline-sweep/with-degradation/full_100/summary.csv,75771
outputs/baseline-sweep/with-degradation/manifest.json,939
outputs/operation-sweep/with-degradation/critical_50/02-seasonal-mesh/champion_mesh.csv,8654
outputs/operation-sweep/with-degradation/critical_50/02-seasonal-mesh/champion_mesh.json,1294
outputs/operation-sweep/with-degradation/critical_50/02-seasonal-mesh/factor_effects.csv,2111
outputs/operation-sweep/with-degradation/critical_50/02-seasonal-mesh/summary.csv,968078
outputs/operation-sweep/with-degradation/critical_50/03-forecast-operation/2009-05/ideal/metrics.json,2248
outputs/operation-sweep/with-degradation/critical_50/03-forecast-operation/2009-05/ideal/operation_final.parquet,308654
outputs/operation-sweep/with-degradation/critical_50/03-forecast-operation/2009-05/ideal/outage_calendar.json,542
outputs/operation-sweep/with-degradation/critical_50/03-forecast-operation/2009-05/ideal/parameters_used.json,5892
outputs/operation-sweep/with-degradation/critical_50/03-forecast-operation/2009-05/lstm/metrics.json,2266
outputs/operation-sweep/with-degradation/critical_50/03-forecast-operation/2009-05/lstm/operation_final.parquet,307926
outputs/operation-sweep/with-degradation/critical_50/03-forecast-operation/2009-05/lstm/outage_calendar.json,542
outputs/operation-sweep/with-degradation/critical_50/03-forecast-operation/2009-05/lstm/parameters_used.json,5939
outputs/operation-sweep/with-degradation/critical_50/03-forecast-operation/2009-05/prototype/metrics.json,2277
outputs/operation-sweep/with-degradation/critical_50/03-forecast-operation/2009-05/prototype/operation_final.parquet,305031
outputs/operation-sweep/with-degradation/critical_50/03-forecast-operation/2009-05/prototype/outage_calendar.json,542
outputs/operation-sweep/with-degradation/critical_50/03-forecast-operation/2009-05/prototype/parameters_used.json,5905
outputs/operation-sweep/with-degradation/critical_50/03-forecast-operation/2009-06/ideal/metrics.json,2242
outputs/operation-sweep/with-degradation/critical_50/03-forecast-operation/2009-06/ideal/operation_final.parquet,301430
outputs/operation-sweep/with-degradation/critical_50/03-forecast-operation/2009-06/ideal/outage_calendar.json,545
outputs/operation-sweep/with-degradation/critical_50/03-forecast-operation/2009-06/ideal/parameters_used.json,5892
outputs/operation-sweep/with-degradation/critical_50/03-forecast-operation/2009-06/lstm/metrics.json,2282
outputs/operation-sweep/with-degradation/critical_50/03-forecast-operation/2009-06/lstm/operation_final.parquet,301329
outputs/operation-sweep/with-degradation/critical_50/03-forecast-operation/2009-06/lstm/outage_calendar.json,545
outputs/operation-sweep/with-degradation/critical_50/03-forecast-operation/2009-06/lstm/parameters_used.json,5939
outputs/operation-sweep/with-degradation/critical_50/03-forecast-operation/2009-06/prototype/metrics.json,2272
outputs/operation-sweep/with-degradation/critical_50/03-forecast-operation/2009-06/prototype/operation_final.parquet,295555
outputs/operation-sweep/with-degradation/critical_50/03-forecast-operation/2009-06/prototype/outage_calendar.json,545
outputs/operation-sweep/with-degradation/critical_50/03-forecast-operation/2009-06/prototype/parameters_used.json,5905
outputs/operation-sweep/with-degradation/critical_50/03-forecast-operation/2009-07/ideal/metrics.json,2245
outputs/operation-sweep/with-degradation/critical_50/03-forecast-operation/2009-07/ideal/operation_final.parquet,307770
outputs/operation-sweep/with-degradation/critical_50/03-forecast-operation/2009-07/ideal/outage_calendar.json,393
outputs/operation-sweep/with-degradation/critical_50/03-forecast-operation/2009-07/ideal/parameters_used.json,5892
outputs/operation-sweep/with-degradation/critical_50/03-forecast-operation/2009-07/lstm/metrics.json,2266
outputs/operation-sweep/with-degradation/critical_50/03-forecast-operation/2009-07/lstm/operation_final.parquet,307619
outputs/operation-sweep/with-degradation/critical_50/03-forecast-operation/2009-07/lstm/outage_calendar.json,393
outputs/operation-sweep/with-degradation/critical_50/03-forecast-operation/2009-07/lstm/parameters_used.json,5939
outputs/operation-sweep/with-degradation/critical_50/03-forecast-operation/2009-07/prototype/metrics.json,2277
outputs/operation-sweep/with-degradation/critical_50/03-forecast-operation/2009-07/prototype/operation_final.parquet,307633
outputs/operation-sweep/with-degradation/critical_50/03-forecast-operation/2009-07/prototype/outage_calendar.json,393
outputs/operation-sweep/with-degradation/critical_50/03-forecast-operation/2009-07/prototype/parameters_used.json,5905
outputs/operation-sweep/with-degradation/critical_50/03-forecast-operation/2009-08/ideal/metrics.json,2267
outputs/operation-sweep/with-degradation/critical_50/03-forecast-operation/2009-08/ideal/operation_final.parquet,277595
outputs/operation-sweep/with-degradation/critical_50/03-forecast-operation/2009-08/ideal/outage_calendar.json,696
outputs/operation-sweep/with-degradation/critical_50/03-forecast-operation/2009-08/ideal/parameters_used.json,5892
outputs/operation-sweep/with-degradation/critical_50/03-forecast-operation/2009-08/lstm/metrics.json,2292
outputs/operation-sweep/with-degradation/critical_50/03-forecast-operation/2009-08/lstm/operation_final.parquet,278002
outputs/operation-sweep/with-degradation/critical_50/03-forecast-operation/2009-08/lstm/outage_calendar.json,696
outputs/operation-sweep/with-degradation/critical_50/03-forecast-operation/2009-08/lstm/parameters_used.json,5939
outputs/operation-sweep/with-degradation/critical_50/03-forecast-operation/2009-08/prototype/metrics.json,2284
outputs/operation-sweep/with-degradation/critical_50/03-forecast-operation/2009-08/prototype/operation_final.parquet,276399
outputs/operation-sweep/with-degradation/critical_50/03-forecast-operation/2009-08/prototype/outage_calendar.json,696
outputs/operation-sweep/with-degradation/critical_50/03-forecast-operation/2009-08/prototype/parameters_used.json,5905
outputs/operation-sweep/with-degradation/critical_50/03-forecast-operation/2009-09/ideal/metrics.json,2245
outputs/operation-sweep/with-degradation/critical_50/03-forecast-operation/2009-09/ideal/operation_final.parquet,313873
outputs/operation-sweep/with-degradation/critical_50/03-forecast-operation/2009-09/ideal/outage_calendar.json,394
outputs/operation-sweep/with-degradation/critical_50/03-forecast-operation/2009-09/ideal/parameters_used.json,5892
outputs/operation-sweep/with-degradation/critical_50/03-forecast-operation/2009-09/lstm/metrics.json,2267
outputs/operation-sweep/with-degradation/critical_50/03-forecast-operation/2009-09/lstm/operation_final.parquet,312420
outputs/operation-sweep/with-degradation/critical_50/03-forecast-operation/2009-09/lstm/outage_calendar.json,394
outputs/operation-sweep/with-degradation/critical_50/03-forecast-operation/2009-09/lstm/parameters_used.json,5939
outputs/operation-sweep/with-degradation/critical_50/03-forecast-operation/2009-09/prototype/metrics.json,2273
outputs/operation-sweep/with-degradation/critical_50/03-forecast-operation/2009-09/prototype/operation_final.parquet,311699
outputs/operation-sweep/with-degradation/critical_50/03-forecast-operation/2009-09/prototype/outage_calendar.json,394
outputs/operation-sweep/with-degradation/critical_50/03-forecast-operation/2009-09/prototype/parameters_used.json,5905
outputs/operation-sweep/with-degradation/critical_50/03-forecast-operation/2009-10/ideal/metrics.json,2246
outputs/operation-sweep/with-degradation/critical_50/03-forecast-operation/2009-10/ideal/operation_final.parquet,320739
outputs/operation-sweep/with-degradation/critical_50/03-forecast-operation/2009-10/ideal/outage_calendar.json,394
outputs/operation-sweep/with-degradation/critical_50/03-forecast-operation/2009-10/ideal/parameters_used.json,5892
outputs/operation-sweep/with-degradation/critical_50/03-forecast-operation/2009-10/lstm/metrics.json,2264
outputs/operation-sweep/with-degradation/critical_50/03-forecast-operation/2009-10/lstm/operation_final.parquet,318834
outputs/operation-sweep/with-degradation/critical_50/03-forecast-operation/2009-10/lstm/outage_calendar.json,394
outputs/operation-sweep/with-degradation/critical_50/03-forecast-operation/2009-10/lstm/parameters_used.json,5939
outputs/operation-sweep/with-degradation/critical_50/03-forecast-operation/2009-10/prototype/metrics.json,2255
outputs/operation-sweep/with-degradation/critical_50/03-forecast-operation/2009-10/prototype/operation_final.parquet,317716
outputs/operation-sweep/with-degradation/critical_50/03-forecast-operation/2009-10/prototype/outage_calendar.json,394
outputs/operation-sweep/with-degradation/critical_50/03-forecast-operation/2009-10/prototype/parameters_used.json,5905
outputs/operation-sweep/with-degradation/critical_50/03-forecast-operation/2009-11/ideal/metrics.json,2243
outputs/operation-sweep/with-degradation/critical_50/03-forecast-operation/2009-11/ideal/operation_final.parquet,322274
outputs/operation-sweep/with-degradation/critical_50/03-forecast-operation/2009-11/ideal/outage_calendar.json,240
outputs/operation-sweep/with-degradation/critical_50/03-forecast-operation/2009-11/ideal/parameters_used.json,5892
outputs/operation-sweep/with-degradation/critical_50/03-forecast-operation/2009-11/lstm/metrics.json,2283
outputs/operation-sweep/with-degradation/critical_50/03-forecast-operation/2009-11/lstm/operation_final.parquet,318608
outputs/operation-sweep/with-degradation/critical_50/03-forecast-operation/2009-11/lstm/outage_calendar.json,240
outputs/operation-sweep/with-degradation/critical_50/03-forecast-operation/2009-11/lstm/parameters_used.json,5939
outputs/operation-sweep/with-degradation/critical_50/03-forecast-operation/2009-11/prototype/metrics.json,2273
outputs/operation-sweep/with-degradation/critical_50/03-forecast-operation/2009-11/prototype/operation_final.parquet,318731
outputs/operation-sweep/with-degradation/critical_50/03-forecast-operation/2009-11/prototype/outage_calendar.json,240
outputs/operation-sweep/with-degradation/critical_50/03-forecast-operation/2009-11/prototype/parameters_used.json,5905
outputs/operation-sweep/with-degradation/critical_50/03-forecast-operation/2009-12/ideal/metrics.json,2263
outputs/operation-sweep/with-degradation/critical_50/03-forecast-operation/2009-12/ideal/operation_final.parquet,311847
outputs/operation-sweep/with-degradation/critical_50/03-forecast-operation/2009-12/ideal/outage_calendar.json,545
outputs/operation-sweep/with-degradation/critical_50/03-forecast-operation/2009-12/ideal/parameters_used.json,5892
outputs/operation-sweep/with-degradation/critical_50/03-forecast-operation/2009-12/lstm/metrics.json,2283
outputs/operation-sweep/with-degradation/critical_50/03-forecast-operation/2009-12/lstm/operation_final.parquet,310316
outputs/operation-sweep/with-degradation/critical_50/03-forecast-operation/2009-12/lstm/outage_calendar.json,545
outputs/operation-sweep/with-degradation/critical_50/03-forecast-operation/2009-12/lstm/parameters_used.json,5939
outputs/operation-sweep/with-degradation/critical_50/03-forecast-operation/2009-12/prototype/metrics.json,2294
outputs/operation-sweep/with-degradation/critical_50/03-forecast-operation/2009-12/prototype/operation_final.parquet,309070
outputs/operation-sweep/with-degradation/critical_50/03-forecast-operation/2009-12/prototype/outage_calendar.json,545
outputs/operation-sweep/with-degradation/critical_50/03-forecast-operation/2009-12/prototype/parameters_used.json,5905
outputs/operation-sweep/with-degradation/critical_50/03-forecast-operation/2010-01/ideal/metrics.json,2261
outputs/operation-sweep/with-degradation/critical_50/03-forecast-operation/2010-01/ideal/operation_final.parquet,320285
outputs/operation-sweep/with-degradation/critical_50/03-forecast-operation/2010-01/ideal/outage_calendar.json,393
outputs/operation-sweep/with-degradation/critical_50/03-forecast-operation/2010-01/ideal/parameters_used.json,5892
outputs/operation-sweep/with-degradation/critical_50/03-forecast-operation/2010-01/lstm/metrics.json,2283
outputs/operation-sweep/with-degradation/critical_50/03-forecast-operation/2010-01/lstm/operation_final.parquet,316744
outputs/operation-sweep/with-degradation/critical_50/03-forecast-operation/2010-01/lstm/outage_calendar.json,393
outputs/operation-sweep/with-degradation/critical_50/03-forecast-operation/2010-01/lstm/parameters_used.json,5939
outputs/operation-sweep/with-degradation/critical_50/03-forecast-operation/2010-01/prototype/metrics.json,2275
outputs/operation-sweep/with-degradation/critical_50/03-forecast-operation/2010-01/prototype/operation_final.parquet,315284
outputs/operation-sweep/with-degradation/critical_50/03-forecast-operation/2010-01/prototype/outage_calendar.json,393
outputs/operation-sweep/with-degradation/critical_50/03-forecast-operation/2010-01/prototype/parameters_used.json,5905
outputs/operation-sweep/with-degradation/critical_50/03-forecast-operation/2010-02/ideal/metrics.json,2247
outputs/operation-sweep/with-degradation/critical_50/03-forecast-operation/2010-02/ideal/operation_final.parquet,331774
outputs/operation-sweep/with-degradation/critical_50/03-forecast-operation/2010-02/ideal/outage_calendar.json,240
outputs/operation-sweep/with-degradation/critical_50/03-forecast-operation/2010-02/ideal/parameters_used.json,5892
outputs/operation-sweep/with-degradation/critical_50/03-forecast-operation/2010-02/lstm/metrics.json,2284
outputs/operation-sweep/with-degradation/critical_50/03-forecast-operation/2010-02/lstm/operation_final.parquet,328661
outputs/operation-sweep/with-degradation/critical_50/03-forecast-operation/2010-02/lstm/outage_calendar.json,240
outputs/operation-sweep/with-degradation/critical_50/03-forecast-operation/2010-02/lstm/parameters_used.json,5939
outputs/operation-sweep/with-degradation/critical_50/03-forecast-operation/2010-02/prototype/metrics.json,2274
outputs/operation-sweep/with-degradation/critical_50/03-forecast-operation/2010-02/prototype/operation_final.parquet,327976
outputs/operation-sweep/with-degradation/critical_50/03-forecast-operation/2010-02/prototype/outage_calendar.json,240
outputs/operation-sweep/with-degradation/critical_50/03-forecast-operation/2010-02/prototype/parameters_used.json,5905
outputs/operation-sweep/with-degradation/critical_50/03-forecast-operation/2010-03/ideal/metrics.json,2263
outputs/operation-sweep/with-degradation/critical_50/03-forecast-operation/2010-03/ideal/operation_final.parquet,310897
outputs/operation-sweep/with-degradation/critical_50/03-forecast-operation/2010-03/ideal/outage_calendar.json,393
outputs/operation-sweep/with-degradation/critical_50/03-forecast-operation/2010-03/ideal/parameters_used.json,5892
outputs/operation-sweep/with-degradation/critical_50/03-forecast-operation/2010-03/lstm/metrics.json,2286
outputs/operation-sweep/with-degradation/critical_50/03-forecast-operation/2010-03/lstm/operation_final.parquet,309346
outputs/operation-sweep/with-degradation/critical_50/03-forecast-operation/2010-03/lstm/outage_calendar.json,393
outputs/operation-sweep/with-degradation/critical_50/03-forecast-operation/2010-03/lstm/parameters_used.json,5939
outputs/operation-sweep/with-degradation/critical_50/03-forecast-operation/2010-03/prototype/metrics.json,2276
outputs/operation-sweep/with-degradation/critical_50/03-forecast-operation/2010-03/prototype/operation_final.parquet,310829
outputs/operation-sweep/with-degradation/critical_50/03-forecast-operation/2010-03/prototype/outage_calendar.json,393
outputs/operation-sweep/with-degradation/critical_50/03-forecast-operation/2010-03/prototype/parameters_used.json,5905
outputs/operation-sweep/with-degradation/critical_50/03-forecast-operation/2010-04/ideal/metrics.json,2244
outputs/operation-sweep/with-degradation/critical_50/03-forecast-operation/2010-04/ideal/operation_final.parquet,309885
outputs/operation-sweep/with-degradation/critical_50/03-forecast-operation/2010-04/ideal/outage_calendar.json,394
outputs/operation-sweep/with-degradation/critical_50/03-forecast-operation/2010-04/ideal/parameters_used.json,5892
outputs/operation-sweep/with-degradation/critical_50/03-forecast-operation/2010-04/lstm/metrics.json,2262
outputs/operation-sweep/with-degradation/critical_50/03-forecast-operation/2010-04/lstm/operation_final.parquet,307375
outputs/operation-sweep/with-degradation/critical_50/03-forecast-operation/2010-04/lstm/outage_calendar.json,394
outputs/operation-sweep/with-degradation/critical_50/03-forecast-operation/2010-04/lstm/parameters_used.json,5939
outputs/operation-sweep/with-degradation/critical_50/03-forecast-operation/2010-04/prototype/metrics.json,2272
outputs/operation-sweep/with-degradation/critical_50/03-forecast-operation/2010-04/prototype/operation_final.parquet,305725
outputs/operation-sweep/with-degradation/critical_50/03-forecast-operation/2010-04/prototype/outage_calendar.json,394
outputs/operation-sweep/with-degradation/critical_50/03-forecast-operation/2010-04/prototype/parameters_used.json,5905
outputs/operation-sweep/with-degradation/critical_50/03-forecast-operation/champion_reuse_manifest.json,30605
outputs/operation-sweep/with-degradation/critical_50/03-forecast-operation/pipeline_state.before_champion_reuse.json,253
outputs/operation-sweep/with-degradation/critical_50/03-forecast-operation/pipeline_state.json,331
outputs/operation-sweep/with-degradation/critical_50/03-forecast-operation/summary.before_champion_reuse.csv,15937
outputs/operation-sweep/with-degradation/critical_50/03-forecast-operation/summary.csv,39118
outputs/operation-sweep/with-degradation/critical_50/05-robustness/aug/base/prototype/metrics.json,2283
outputs/operation-sweep/with-degradation/critical_50/05-robustness/aug/base/prototype/operation_final.parquet,275398
outputs/operation-sweep/with-degradation/critical_50/05-robustness/aug/base/prototype/outage_calendar.json,696
outputs/operation-sweep/with-degradation/critical_50/05-robustness/aug/base/prototype/parameters_used.json,5905
outputs/operation-sweep/with-degradation/critical_50/05-robustness/aug/base/stochastic/metrics.json,2158
outputs/operation-sweep/with-degradation/critical_50/05-robustness/aug/base/stochastic/operation_final.parquet,263225
outputs/operation-sweep/with-degradation/critical_50/05-robustness/aug/base/stochastic/outage_calendar.json,696
outputs/operation-sweep/with-degradation/critical_50/05-robustness/aug/base/stochastic/parameters_used.json,5827
outputs/operation-sweep/with-degradation/critical_50/05-robustness/aug/base/stochastic/plans/plan_20090801T0000.parquet,41840
outputs/operation-sweep/with-degradation/critical_50/05-robustness/aug/base/stochastic/plans/plan_20090802T0000.parquet,41898
outputs/operation-sweep/with-degradation/critical_50/05-robustness/aug/base/stochastic/plans/plan_20090803T0000.parquet,41839
outputs/operation-sweep/with-degradation/critical_50/05-robustness/aug/base/stochastic/plans/plan_20090804T0000.parquet,41846
outputs/operation-sweep/with-degradation/critical_50/05-robustness/aug/base/stochastic/plans/plan_20090805T0000.parquet,41845
outputs/operation-sweep/with-degradation/critical_50/05-robustness/aug/base/stochastic/plans/plan_20090806T0000.parquet,41845
outputs/operation-sweep/with-degradation/critical_50/05-robustness/aug/base/stochastic/plans/plan_20090807T0000.parquet,41857
outputs/operation-sweep/with-degradation/critical_50/05-robustness/aug/base/stochastic/plans/plan_20090808T0000.parquet,41856
outputs/operation-sweep/with-degradation/critical_50/05-robustness/aug/base/stochastic/plans/plan_20090809T0000.parquet,41856
outputs/operation-sweep/with-degradation/critical_50/05-robustness/aug/base/stochastic/plans/plan_20090810T0000.parquet,41650
outputs/operation-sweep/with-degradation/critical_50/05-robustness/aug/noise_005/prototype/metrics.json,2278
outputs/operation-sweep/with-degradation/critical_50/05-robustness/aug/noise_005/prototype/operation_final.parquet,475001
outputs/operation-sweep/with-degradation/critical_50/05-robustness/aug/noise_005/prototype/outage_calendar.json,696
outputs/operation-sweep/with-degradation/critical_50/05-robustness/aug/noise_005/prototype/parameters_used.json,5904
outputs/operation-sweep/with-degradation/critical_50/05-robustness/aug/noise_005/stochastic/metrics.json,2175
outputs/operation-sweep/with-degradation/critical_50/05-robustness/aug/noise_005/stochastic/operation_final.parquet,432566
outputs/operation-sweep/with-degradation/critical_50/05-robustness/aug/noise_005/stochastic/outage_calendar.json,696
outputs/operation-sweep/with-degradation/critical_50/05-robustness/aug/noise_005/stochastic/parameters_used.json,5826
outputs/operation-sweep/with-degradation/critical_50/05-robustness/aug/noise_005/stochastic/plans/plan_20090801T0000.parquet,41840
outputs/operation-sweep/with-degradation/critical_50/05-robustness/aug/noise_005/stochastic/plans/plan_20090802T0000.parquet,41896
outputs/operation-sweep/with-degradation/critical_50/05-robustness/aug/noise_005/stochastic/plans/plan_20090803T0000.parquet,41918
outputs/operation-sweep/with-degradation/critical_50/05-robustness/aug/noise_005/stochastic/plans/plan_20090804T0000.parquet,41845
outputs/operation-sweep/with-degradation/critical_50/05-robustness/aug/noise_005/stochastic/plans/plan_20090805T0000.parquet,41844
outputs/operation-sweep/with-degradation/critical_50/05-robustness/aug/noise_005/stochastic/plans/plan_20090806T0000.parquet,41845
outputs/operation-sweep/with-degradation/critical_50/05-robustness/aug/noise_005/stochastic/plans/plan_20090807T0000.parquet,41845
outputs/operation-sweep/with-degradation/critical_50/05-robustness/aug/noise_005/stochastic/plans/plan_20090808T0000.parquet,41827
outputs/operation-sweep/with-degradation/critical_50/05-robustness/aug/noise_005/stochastic/plans/plan_20090809T0000.parquet,41845
outputs/operation-sweep/with-degradation/critical_50/05-robustness/aug/noise_005/stochastic/plans/plan_20090810T0000.parquet,41910
outputs/operation-sweep/with-degradation/critical_50/05-robustness/aug/noise_010/prototype/metrics.json,2282
outputs/operation-sweep/with-degradation/critical_50/05-robustness/aug/noise_010/prototype/operation_final.parquet,473972
outputs/operation-sweep/with-degradation/critical_50/05-robustness/aug/noise_010/prototype/outage_calendar.json,696
outputs/operation-sweep/with-degradation/critical_50/05-robustness/aug/noise_010/prototype/parameters_used.json,5903
outputs/operation-sweep/with-degradation/critical_50/05-robustness/aug/noise_010/stochastic/metrics.json,2176
outputs/operation-sweep/with-degradation/critical_50/05-robustness/aug/noise_010/stochastic/operation_final.parquet,433419
outputs/operation-sweep/with-degradation/critical_50/05-robustness/aug/noise_010/stochastic/outage_calendar.json,696
outputs/operation-sweep/with-degradation/critical_50/05-robustness/aug/noise_010/stochastic/parameters_used.json,5825
outputs/operation-sweep/with-degradation/critical_50/05-robustness/aug/noise_010/stochastic/plans/plan_20090801T0000.parquet,41840
outputs/operation-sweep/with-degradation/critical_50/05-robustness/aug/noise_010/stochastic/plans/plan_20090802T0000.parquet,41914
outputs/operation-sweep/with-degradation/critical_50/05-robustness/aug/noise_010/stochastic/plans/plan_20090803T0000.parquet,41830
outputs/operation-sweep/with-degradation/critical_50/05-robustness/aug/noise_010/stochastic/plans/plan_20090804T0000.parquet,41846
outputs/operation-sweep/with-degradation/critical_50/05-robustness/aug/noise_010/stochastic/plans/plan_20090805T0000.parquet,41770
outputs/operation-sweep/with-degradation/critical_50/05-robustness/aug/noise_010/stochastic/plans/plan_20090806T0000.parquet,41844
outputs/operation-sweep/with-degradation/critical_50/05-robustness/aug/noise_010/stochastic/plans/plan_20090807T0000.parquet,41828
outputs/operation-sweep/with-degradation/critical_50/05-robustness/aug/noise_010/stochastic/plans/plan_20090808T0000.parquet,41824
outputs/operation-sweep/with-degradation/critical_50/05-robustness/aug/noise_010/stochastic/plans/plan_20090809T0000.parquet,41828
outputs/operation-sweep/with-degradation/critical_50/05-robustness/aug/noise_010/stochastic/plans/plan_20090810T0000.parquet,41843
outputs/operation-sweep/with-degradation/critical_50/05-robustness/aug/outage_2pct/prototype/metrics.json,2282
outputs/operation-sweep/with-degradation/critical_50/05-robustness/aug/outage_2pct/prototype/operation_final.parquet,271896
outputs/operation-sweep/with-degradation/critical_50/05-robustness/aug/outage_2pct/prototype/outage_calendar.json,394
outputs/operation-sweep/with-degradation/critical_50/05-robustness/aug/outage_2pct/prototype/parameters_used.json,5904
outputs/operation-sweep/with-degradation/critical_50/05-robustness/aug/outage_2pct/stochastic/metrics.json,2154
outputs/operation-sweep/with-degradation/critical_50/05-robustness/aug/outage_2pct/stochastic/operation_final.parquet,251256
outputs/operation-sweep/with-degradation/critical_50/05-robustness/aug/outage_2pct/stochastic/outage_calendar.json,394
outputs/operation-sweep/with-degradation/critical_50/05-robustness/aug/outage_2pct/stochastic/parameters_used.json,5826
outputs/operation-sweep/with-degradation/critical_50/05-robustness/aug/outage_2pct/stochastic/plans/plan_20090801T0000.parquet,40197
outputs/operation-sweep/with-degradation/critical_50/05-robustness/aug/outage_2pct/stochastic/plans/plan_20090802T0000.parquet,40202
outputs/operation-sweep/with-degradation/critical_50/05-robustness/aug/outage_2pct/stochastic/plans/plan_20090803T0000.parquet,40303
outputs/operation-sweep/with-degradation/critical_50/05-robustness/aug/outage_2pct/stochastic/plans/plan_20090804T0000.parquet,40272
outputs/operation-sweep/with-degradation/critical_50/05-robustness/aug/outage_2pct/stochastic/plans/plan_20090805T0000.parquet,40185
outputs/operation-sweep/with-degradation/critical_50/05-robustness/aug/outage_2pct/stochastic/plans/plan_20090806T0000.parquet,40202
outputs/operation-sweep/with-degradation/critical_50/05-robustness/aug/outage_2pct/stochastic/plans/plan_20090807T0000.parquet,40203
outputs/operation-sweep/with-degradation/critical_50/05-robustness/aug/outage_2pct/stochastic/plans/plan_20090808T0000.parquet,40202
outputs/operation-sweep/with-degradation/critical_50/05-robustness/aug/outage_2pct/stochastic/plans/plan_20090809T0000.parquet,40202
outputs/operation-sweep/with-degradation/critical_50/05-robustness/aug/outage_2pct/stochastic/plans/plan_20090810T0000.parquet,40200
outputs/operation-sweep/with-degradation/critical_50/05-robustness/aug/outage_5pct/prototype/metrics.json,2278
outputs/operation-sweep/with-degradation/critical_50/05-robustness/aug/outage_5pct/prototype/operation_final.parquet,274531
outputs/operation-sweep/with-degradation/critical_50/05-robustness/aug/outage_5pct/prototype/outage_calendar.json,545
outputs/operation-sweep/with-degradation/critical_50/05-robustness/aug/outage_5pct/prototype/parameters_used.json,5904
outputs/operation-sweep/with-degradation/critical_50/05-robustness/aug/outage_5pct/stochastic/metrics.json,2176
outputs/operation-sweep/with-degradation/critical_50/05-robustness/aug/outage_5pct/stochastic/operation_final.parquet,262006
outputs/operation-sweep/with-degradation/critical_50/05-robustness/aug/outage_5pct/stochastic/outage_calendar.json,545
outputs/operation-sweep/with-degradation/critical_50/05-robustness/aug/outage_5pct/stochastic/parameters_used.json,5826
outputs/operation-sweep/with-degradation/critical_50/05-robustness/aug/outage_5pct/stochastic/plans/plan_20090801T0000.parquet,41909
outputs/operation-sweep/with-degradation/critical_50/05-robustness/aug/outage_5pct/stochastic/plans/plan_20090802T0000.parquet,41976
outputs/operation-sweep/with-degradation/critical_50/05-robustness/aug/outage_5pct/stochastic/plans/plan_20090803T0000.parquet,41917
outputs/operation-sweep/with-degradation/critical_50/05-robustness/aug/outage_5pct/stochastic/plans/plan_20090804T0000.parquet,41976
outputs/operation-sweep/with-degradation/critical_50/05-robustness/aug/outage_5pct/stochastic/plans/plan_20090805T0000.parquet,41976
outputs/operation-sweep/with-degradation/critical_50/05-robustness/aug/outage_5pct/stochastic/plans/plan_20090806T0000.parquet,41915
outputs/operation-sweep/with-degradation/critical_50/05-robustness/aug/outage_5pct/stochastic/plans/plan_20090807T0000.parquet,41900
outputs/operation-sweep/with-degradation/critical_50/05-robustness/aug/outage_5pct/stochastic/plans/plan_20090808T0000.parquet,41899
outputs/operation-sweep/with-degradation/critical_50/05-robustness/aug/outage_5pct/stochastic/plans/plan_20090809T0000.parquet,41826
outputs/operation-sweep/with-degradation/critical_50/05-robustness/aug/outage_5pct/stochastic/plans/plan_20090810T0000.parquet,41897
outputs/operation-sweep/with-degradation/critical_50/05-robustness/aug/seed_44/prototype/metrics.json,2260
outputs/operation-sweep/with-degradation/critical_50/05-robustness/aug/seed_44/prototype/operation_final.parquet,276091
outputs/operation-sweep/with-degradation/critical_50/05-robustness/aug/seed_44/prototype/outage_calendar.json,393
outputs/operation-sweep/with-degradation/critical_50/05-robustness/aug/seed_44/prototype/parameters_used.json,5905
outputs/operation-sweep/with-degradation/critical_50/05-robustness/aug/seed_44/stochastic/metrics.json,2156
outputs/operation-sweep/with-degradation/critical_50/05-robustness/aug/seed_44/stochastic/operation_final.parquet,263201
outputs/operation-sweep/with-degradation/critical_50/05-robustness/aug/seed_44/stochastic/outage_calendar.json,393
outputs/operation-sweep/with-degradation/critical_50/05-robustness/aug/seed_44/stochastic/parameters_used.json,5827
outputs/operation-sweep/with-degradation/critical_50/05-robustness/aug/seed_44/stochastic/plans/plan_20090801T0000.parquet,41840
outputs/operation-sweep/with-degradation/critical_50/05-robustness/aug/seed_44/stochastic/plans/plan_20090802T0000.parquet,41898
outputs/operation-sweep/with-degradation/critical_50/05-robustness/aug/seed_44/stochastic/plans/plan_20090803T0000.parquet,41839
outputs/operation-sweep/with-degradation/critical_50/05-robustness/aug/seed_44/stochastic/plans/plan_20090804T0000.parquet,41899
outputs/operation-sweep/with-degradation/critical_50/05-robustness/aug/seed_44/stochastic/plans/plan_20090805T0000.parquet,41897
outputs/operation-sweep/with-degradation/critical_50/05-robustness/aug/seed_44/stochastic/plans/plan_20090806T0000.parquet,41837
outputs/operation-sweep/with-degradation/critical_50/05-robustness/aug/seed_44/stochastic/plans/plan_20090807T0000.parquet,41918
outputs/operation-sweep/with-degradation/critical_50/05-robustness/aug/seed_44/stochastic/plans/plan_20090808T0000.parquet,41918
outputs/operation-sweep/with-degradation/critical_50/05-robustness/aug/seed_44/stochastic/plans/plan_20090809T0000.parquet,41916
outputs/operation-sweep/with-degradation/critical_50/05-robustness/aug/seed_44/stochastic/plans/plan_20090810T0000.parquet,41855
outputs/operation-sweep/with-degradation/critical_50/05-robustness/aug/seed_47/prototype/metrics.json,2263
outputs/operation-sweep/with-degradation/critical_50/05-robustness/aug/seed_47/prototype/operation_final.parquet,271471
outputs/operation-sweep/with-degradation/critical_50/05-robustness/aug/seed_47/prototype/outage_calendar.json,394
outputs/operation-sweep/with-degradation/critical_50/05-robustness/aug/seed_47/prototype/parameters_used.json,5905
outputs/operation-sweep/with-degradation/critical_50/05-robustness/aug/seed_47/stochastic/metrics.json,2159
outputs/operation-sweep/with-degradation/critical_50/05-robustness/aug/seed_47/stochastic/operation_final.parquet,256553
outputs/operation-sweep/with-degradation/critical_50/05-robustness/aug/seed_47/stochastic/outage_calendar.json,394
outputs/operation-sweep/with-degradation/critical_50/05-robustness/aug/seed_47/stochastic/parameters_used.json,5827
outputs/operation-sweep/with-degradation/critical_50/05-robustness/aug/seed_47/stochastic/plans/plan_20090801T0000.parquet,41840
outputs/operation-sweep/with-degradation/critical_50/05-robustness/aug/seed_47/stochastic/plans/plan_20090802T0000.parquet,41898
outputs/operation-sweep/with-degradation/critical_50/05-robustness/aug/seed_47/stochastic/plans/plan_20090803T0000.parquet,41839
outputs/operation-sweep/with-degradation/critical_50/05-robustness/aug/seed_47/stochastic/plans/plan_20090804T0000.parquet,41899
outputs/operation-sweep/with-degradation/critical_50/05-robustness/aug/seed_47/stochastic/plans/plan_20090805T0000.parquet,41897
outputs/operation-sweep/with-degradation/critical_50/05-robustness/aug/seed_47/stochastic/plans/plan_20090806T0000.parquet,41837
outputs/operation-sweep/with-degradation/critical_50/05-robustness/aug/seed_47/stochastic/plans/plan_20090807T0000.parquet,41900
outputs/operation-sweep/with-degradation/critical_50/05-robustness/aug/seed_47/stochastic/plans/plan_20090808T0000.parquet,41844
outputs/operation-sweep/with-degradation/critical_50/05-robustness/aug/seed_47/stochastic/plans/plan_20090809T0000.parquet,41844
outputs/operation-sweep/with-degradation/critical_50/05-robustness/aug/seed_47/stochastic/plans/plan_20090810T0000.parquet,41842
outputs/operation-sweep/with-degradation/critical_50/05-robustness/feb/base/prototype/metrics.json,2273
outputs/operation-sweep/with-degradation/critical_50/05-robustness/feb/base/prototype/operation_final.parquet,327266
outputs/operation-sweep/with-degradation/critical_50/05-robustness/feb/base/prototype/outage_calendar.json,240
outputs/operation-sweep/with-degradation/critical_50/05-robustness/feb/base/prototype/parameters_used.json,5905
outputs/operation-sweep/with-degradation/critical_50/05-robustness/feb/base/stochastic/metrics.json,2150
outputs/operation-sweep/with-degradation/critical_50/05-robustness/feb/base/stochastic/operation_final.parquet,298103
outputs/operation-sweep/with-degradation/critical_50/05-robustness/feb/base/stochastic/outage_calendar.json,240
outputs/operation-sweep/with-degradation/critical_50/05-robustness/feb/base/stochastic/parameters_used.json,5827
outputs/operation-sweep/with-degradation/critical_50/05-robustness/feb/base/stochastic/plans/plan_20100201T0000.parquet,41840
outputs/operation-sweep/with-degradation/critical_50/05-robustness/feb/base/stochastic/plans/plan_20100202T0000.parquet,41897
outputs/operation-sweep/with-degradation/critical_50/05-robustness/feb/base/stochastic/plans/plan_20100203T0000.parquet,41835
outputs/operation-sweep/with-degradation/critical_50/05-robustness/feb/base/stochastic/plans/plan_20100204T0000.parquet,41897
outputs/operation-sweep/with-degradation/critical_50/05-robustness/feb/base/stochastic/plans/plan_20100205T0000.parquet,41896
outputs/operation-sweep/with-degradation/critical_50/05-robustness/feb/base/stochastic/plans/plan_20100206T0000.parquet,41836
outputs/operation-sweep/with-degradation/critical_50/05-robustness/feb/base/stochastic/plans/plan_20100207T0000.parquet,41897
outputs/operation-sweep/with-degradation/critical_50/05-robustness/feb/base/stochastic/plans/plan_20100208T0000.parquet,41896
outputs/operation-sweep/with-degradation/critical_50/05-robustness/feb/base/stochastic/plans/plan_20100209T0000.parquet,41824
outputs/operation-sweep/with-degradation/critical_50/05-robustness/feb/base/stochastic/plans/plan_20100210T0000.parquet,41897
outputs/operation-sweep/with-degradation/critical_50/05-robustness/feb/noise_005/prototype/metrics.json,2273
outputs/operation-sweep/with-degradation/critical_50/05-robustness/feb/noise_005/prototype/operation_final.parquet,506468
outputs/operation-sweep/with-degradation/critical_50/05-robustness/feb/noise_005/prototype/outage_calendar.json,240
outputs/operation-sweep/with-degradation/critical_50/05-robustness/feb/noise_005/prototype/parameters_used.json,5904
outputs/operation-sweep/with-degradation/critical_50/05-robustness/feb/noise_005/stochastic/metrics.json,2170
outputs/operation-sweep/with-degradation/critical_50/05-robustness/feb/noise_005/stochastic/operation_final.parquet,459321
outputs/operation-sweep/with-degradation/critical_50/05-robustness/feb/noise_005/stochastic/outage_calendar.json,240
outputs/operation-sweep/with-degradation/critical_50/05-robustness/feb/noise_005/stochastic/parameters_used.json,5826
outputs/operation-sweep/with-degradation/critical_50/05-robustness/feb/noise_005/stochastic/plans/plan_20100201T0000.parquet,41840
outputs/operation-sweep/with-degradation/critical_50/05-robustness/feb/noise_005/stochastic/plans/plan_20100202T0000.parquet,41895
outputs/operation-sweep/with-degradation/critical_50/05-robustness/feb/noise_005/stochastic/plans/plan_20100203T0000.parquet,41914
outputs/operation-sweep/with-degradation/critical_50/05-robustness/feb/noise_005/stochastic/plans/plan_20100204T0000.parquet,41914
outputs/operation-sweep/with-degradation/critical_50/05-robustness/feb/noise_005/stochastic/plans/plan_20100205T0000.parquet,41893
outputs/operation-sweep/with-degradation/critical_50/05-robustness/feb/noise_005/stochastic/plans/plan_20100206T0000.parquet,41845
outputs/operation-sweep/with-degradation/critical_50/05-robustness/feb/noise_005/stochastic/plans/plan_20100207T0000.parquet,41827
outputs/operation-sweep/with-degradation/critical_50/05-robustness/feb/noise_005/stochastic/plans/plan_20100208T0000.parquet,41897
outputs/operation-sweep/with-degradation/critical_50/05-robustness/feb/noise_005/stochastic/plans/plan_20100209T0000.parquet,41843
outputs/operation-sweep/with-degradation/critical_50/05-robustness/feb/noise_005/stochastic/plans/plan_20100210T0000.parquet,41915
outputs/operation-sweep/with-degradation/critical_50/05-robustness/feb/noise_010/prototype/metrics.json,2272
outputs/operation-sweep/with-degradation/critical_50/05-robustness/feb/noise_010/prototype/operation_final.parquet,504123
outputs/operation-sweep/with-degradation/critical_50/05-robustness/feb/noise_010/prototype/outage_calendar.json,240
outputs/operation-sweep/with-degradation/critical_50/05-robustness/feb/noise_010/prototype/parameters_used.json,5903
outputs/operation-sweep/with-degradation/critical_50/05-robustness/feb/noise_010/stochastic/metrics.json,2167
outputs/operation-sweep/with-degradation/critical_50/05-robustness/feb/noise_010/stochastic/operation_final.parquet,459083
outputs/operation-sweep/with-degradation/critical_50/05-robustness/feb/noise_010/stochastic/outage_calendar.json,240
outputs/operation-sweep/with-degradation/critical_50/05-robustness/feb/noise_010/stochastic/parameters_used.json,5825
outputs/operation-sweep/with-degradation/critical_50/05-robustness/feb/noise_010/stochastic/plans/plan_20100201T0000.parquet,41840
outputs/operation-sweep/with-degradation/critical_50/05-robustness/feb/noise_010/stochastic/plans/plan_20100202T0000.parquet,41913
outputs/operation-sweep/with-degradation/critical_50/05-robustness/feb/noise_010/stochastic/plans/plan_20100203T0000.parquet,41826
outputs/operation-sweep/with-degradation/critical_50/05-robustness/feb/noise_010/stochastic/plans/plan_20100204T0000.parquet,41833
outputs/operation-sweep/with-degradation/critical_50/05-robustness/feb/noise_010/stochastic/plans/plan_20100205T0000.parquet,41827
outputs/operation-sweep/with-degradation/critical_50/05-robustness/feb/noise_010/stochastic/plans/plan_20100206T0000.parquet,41897
outputs/operation-sweep/with-degradation/critical_50/05-robustness/feb/noise_010/stochastic/plans/plan_20100207T0000.parquet,41894
outputs/operation-sweep/with-degradation/critical_50/05-robustness/feb/noise_010/stochastic/plans/plan_20100208T0000.parquet,41911
outputs/operation-sweep/with-degradation/critical_50/05-robustness/feb/noise_010/stochastic/plans/plan_20100209T0000.parquet,41833
outputs/operation-sweep/with-degradation/critical_50/05-robustness/feb/noise_010/stochastic/plans/plan_20100210T0000.parquet,41843
outputs/operation-sweep/with-degradation/critical_50/05-robustness/feb/outage_2pct/prototype/metrics.json,2276
outputs/operation-sweep/with-degradation/critical_50/05-robustness/feb/outage_2pct/prototype/operation_final.parquet,330160
outputs/operation-sweep/with-degradation/critical_50/05-robustness/feb/outage_2pct/prototype/outage_calendar.json,241
outputs/operation-sweep/with-degradation/critical_50/05-robustness/feb/outage_2pct/prototype/parameters_used.json,5904
outputs/operation-sweep/with-degradation/critical_50/05-robustness/feb/outage_2pct/stochastic/metrics.json,2156
outputs/operation-sweep/with-degradation/critical_50/05-robustness/feb/outage_2pct/stochastic/operation_final.parquet,296126
outputs/operation-sweep/with-degradation/critical_50/05-robustness/feb/outage_2pct/stochastic/outage_calendar.json,241
outputs/operation-sweep/with-degradation/critical_50/05-robustness/feb/outage_2pct/stochastic/parameters_used.json,5826
outputs/operation-sweep/with-degradation/critical_50/05-robustness/feb/outage_2pct/stochastic/plans/plan_20100201T0000.parquet,40200
outputs/operation-sweep/with-degradation/critical_50/05-robustness/feb/outage_2pct/stochastic/plans/plan_20100202T0000.parquet,40201
outputs/operation-sweep/with-degradation/critical_50/05-robustness/feb/outage_2pct/stochastic/plans/plan_20100203T0000.parquet,40269
outputs/operation-sweep/with-degradation/critical_50/05-robustness/feb/outage_2pct/stochastic/plans/plan_20100204T0000.parquet,40270
outputs/operation-sweep/with-degradation/critical_50/05-robustness/feb/outage_2pct/stochastic/plans/plan_20100205T0000.parquet,40184
outputs/operation-sweep/with-degradation/critical_50/05-robustness/feb/outage_2pct/stochastic/plans/plan_20100206T0000.parquet,40201
outputs/operation-sweep/with-degradation/critical_50/05-robustness/feb/outage_2pct/stochastic/plans/plan_20100207T0000.parquet,40261
outputs/operation-sweep/with-degradation/critical_50/05-robustness/feb/outage_2pct/stochastic/plans/plan_20100208T0000.parquet,40231
outputs/operation-sweep/with-degradation/critical_50/05-robustness/feb/outage_2pct/stochastic/plans/plan_20100209T0000.parquet,40125
outputs/operation-sweep/with-degradation/critical_50/05-robustness/feb/outage_2pct/stochastic/plans/plan_20100210T0000.parquet,40291
outputs/operation-sweep/with-degradation/critical_50/05-robustness/feb/outage_5pct/prototype/metrics.json,2276
outputs/operation-sweep/with-degradation/critical_50/05-robustness/feb/outage_5pct/prototype/operation_final.parquet,328578
outputs/operation-sweep/with-degradation/critical_50/05-robustness/feb/outage_5pct/prototype/outage_calendar.json,241
outputs/operation-sweep/with-degradation/critical_50/05-robustness/feb/outage_5pct/prototype/parameters_used.json,5904
outputs/operation-sweep/with-degradation/critical_50/05-robustness/feb/outage_5pct/stochastic/metrics.json,2153
outputs/operation-sweep/with-degradation/critical_50/05-robustness/feb/outage_5pct/stochastic/operation_final.parquet,298087
outputs/operation-sweep/with-degradation/critical_50/05-robustness/feb/outage_5pct/stochastic/outage_calendar.json,241
outputs/operation-sweep/with-degradation/critical_50/05-robustness/feb/outage_5pct/stochastic/parameters_used.json,5826
outputs/operation-sweep/with-degradation/critical_50/05-robustness/feb/outage_5pct/stochastic/plans/plan_20100201T0000.parquet,41909
outputs/operation-sweep/with-degradation/critical_50/05-robustness/feb/outage_5pct/stochastic/plans/plan_20100202T0000.parquet,41975
outputs/operation-sweep/with-degradation/critical_50/05-robustness/feb/outage_5pct/stochastic/plans/plan_20100203T0000.parquet,41913
outputs/operation-sweep/with-degradation/critical_50/05-robustness/feb/outage_5pct/stochastic/plans/plan_20100204T0000.parquet,41974
outputs/operation-sweep/with-degradation/critical_50/05-robustness/feb/outage_5pct/stochastic/plans/plan_20100205T0000.parquet,41975
outputs/operation-sweep/with-degradation/critical_50/05-robustness/feb/outage_5pct/stochastic/plans/plan_20100206T0000.parquet,41914
outputs/operation-sweep/with-degradation/critical_50/05-robustness/feb/outage_5pct/stochastic/plans/plan_20100207T0000.parquet,41974
outputs/operation-sweep/with-degradation/critical_50/05-robustness/feb/outage_5pct/stochastic/plans/plan_20100208T0000.parquet,41974
outputs/operation-sweep/with-degradation/critical_50/05-robustness/feb/outage_5pct/stochastic/plans/plan_20100209T0000.parquet,41908
outputs/operation-sweep/with-degradation/critical_50/05-robustness/feb/outage_5pct/stochastic/plans/plan_20100210T0000.parquet,41975
outputs/operation-sweep/with-degradation/critical_50/05-robustness/feb/seed_44/prototype/metrics.json,2273
outputs/operation-sweep/with-degradation/critical_50/05-robustness/feb/seed_44/prototype/operation_final.parquet,333017
outputs/operation-sweep/with-degradation/critical_50/05-robustness/feb/seed_44/prototype/outage_calendar.json,393
outputs/operation-sweep/with-degradation/critical_50/05-robustness/feb/seed_44/prototype/parameters_used.json,5905
outputs/operation-sweep/with-degradation/critical_50/05-robustness/feb/seed_44/stochastic/metrics.json,2153
outputs/operation-sweep/with-degradation/critical_50/05-robustness/feb/seed_44/stochastic/operation_final.parquet,306390
outputs/operation-sweep/with-degradation/critical_50/05-robustness/feb/seed_44/stochastic/outage_calendar.json,393
outputs/operation-sweep/with-degradation/critical_50/05-robustness/feb/seed_44/stochastic/parameters_used.json,5827
outputs/operation-sweep/with-degradation/critical_50/05-robustness/feb/seed_44/stochastic/plans/plan_20100201T0000.parquet,41840
outputs/operation-sweep/with-degradation/critical_50/05-robustness/feb/seed_44/stochastic/plans/plan_20100202T0000.parquet,41897
outputs/operation-sweep/with-degradation/critical_50/05-robustness/feb/seed_44/stochastic/plans/plan_20100203T0000.parquet,41835
outputs/operation-sweep/with-degradation/critical_50/05-robustness/feb/seed_44/stochastic/plans/plan_20100204T0000.parquet,41897
outputs/operation-sweep/with-degradation/critical_50/05-robustness/feb/seed_44/stochastic/plans/plan_20100205T0000.parquet,41896
outputs/operation-sweep/with-degradation/critical_50/05-robustness/feb/seed_44/stochastic/plans/plan_20100206T0000.parquet,41836
outputs/operation-sweep/with-degradation/critical_50/05-robustness/feb/seed_44/stochastic/plans/plan_20100207T0000.parquet,41854
outputs/operation-sweep/with-degradation/critical_50/05-robustness/feb/seed_44/stochastic/plans/plan_20100208T0000.parquet,41914
outputs/operation-sweep/with-degradation/critical_50/05-robustness/feb/seed_44/stochastic/plans/plan_20100209T0000.parquet,41914
outputs/operation-sweep/with-degradation/critical_50/05-robustness/feb/seed_44/stochastic/plans/plan_20100210T0000.parquet,41855
outputs/operation-sweep/with-degradation/critical_50/05-robustness/feb/seed_47/prototype/metrics.json,2274
outputs/operation-sweep/with-degradation/critical_50/05-robustness/feb/seed_47/prototype/operation_final.parquet,328775
outputs/operation-sweep/with-degradation/critical_50/05-robustness/feb/seed_47/prototype/outage_calendar.json,394
outputs/operation-sweep/with-degradation/critical_50/05-robustness/feb/seed_47/prototype/parameters_used.json,5905
outputs/operation-sweep/with-degradation/critical_50/05-robustness/feb/seed_47/stochastic/metrics.json,2152
outputs/operation-sweep/with-degradation/critical_50/05-robustness/feb/seed_47/stochastic/operation_final.parquet,301672
outputs/operation-sweep/with-degradation/critical_50/05-robustness/feb/seed_47/stochastic/outage_calendar.json,394
outputs/operation-sweep/with-degradation/critical_50/05-robustness/feb/seed_47/stochastic/parameters_used.json,5827
outputs/operation-sweep/with-degradation/critical_50/05-robustness/feb/seed_47/stochastic/plans/plan_20100201T0000.parquet,41840
outputs/operation-sweep/with-degradation/critical_50/05-robustness/feb/seed_47/stochastic/plans/plan_20100202T0000.parquet,41897
outputs/operation-sweep/with-degradation/critical_50/05-robustness/feb/seed_47/stochastic/plans/plan_20100203T0000.parquet,41835
outputs/operation-sweep/with-degradation/critical_50/05-robustness/feb/seed_47/stochastic/plans/plan_20100204T0000.parquet,41897
outputs/operation-sweep/with-degradation/critical_50/05-robustness/feb/seed_47/stochastic/plans/plan_20100205T0000.parquet,41896
outputs/operation-sweep/with-degradation/critical_50/05-robustness/feb/seed_47/stochastic/plans/plan_20100206T0000.parquet,41836
outputs/operation-sweep/with-degradation/critical_50/05-robustness/feb/seed_47/stochastic/plans/plan_20100207T0000.parquet,41897
outputs/operation-sweep/with-degradation/critical_50/05-robustness/feb/seed_47/stochastic/plans/plan_20100208T0000.parquet,41690
outputs/operation-sweep/with-degradation/critical_50/05-robustness/feb/seed_47/stochastic/plans/plan_20100209T0000.parquet,41836
outputs/operation-sweep/with-degradation/critical_50/05-robustness/feb/seed_47/stochastic/plans/plan_20100210T0000.parquet,41825
outputs/operation-sweep/with-degradation/critical_50/05-robustness/may/base/prototype/metrics.json,2275
outputs/operation-sweep/with-degradation/critical_50/05-robustness/may/base/prototype/operation_final.parquet,305051
outputs/operation-sweep/with-degradation/critical_50/05-robustness/may/base/prototype/outage_calendar.json,542
outputs/operation-sweep/with-degradation/critical_50/05-robustness/may/base/prototype/parameters_used.json,5905
outputs/operation-sweep/with-degradation/critical_50/05-robustness/may/base/stochastic/metrics.json,2169
outputs/operation-sweep/with-degradation/critical_50/05-robustness/may/base/stochastic/operation_final.parquet,287600
outputs/operation-sweep/with-degradation/critical_50/05-robustness/may/base/stochastic/outage_calendar.json,542
outputs/operation-sweep/with-degradation/critical_50/05-robustness/may/base/stochastic/parameters_used.json,5827
outputs/operation-sweep/with-degradation/critical_50/05-robustness/may/base/stochastic/plans/plan_20090501T0000.parquet,41840
outputs/operation-sweep/with-degradation/critical_50/05-robustness/may/base/stochastic/plans/plan_20090502T0000.parquet,41897
outputs/operation-sweep/with-degradation/critical_50/05-robustness/may/base/stochastic/plans/plan_20090503T0000.parquet,41895
outputs/operation-sweep/with-degradation/critical_50/05-robustness/may/base/stochastic/plans/plan_20090504T0000.parquet,41896
outputs/operation-sweep/with-degradation/critical_50/05-robustness/may/base/stochastic/plans/plan_20090505T0000.parquet,41825
outputs/operation-sweep/with-degradation/critical_50/05-robustness/may/base/stochastic/plans/plan_20090506T0000.parquet,41915
outputs/operation-sweep/with-degradation/critical_50/05-robustness/may/base/stochastic/plans/plan_20090507T0000.parquet,41858
outputs/operation-sweep/with-degradation/critical_50/05-robustness/may/base/stochastic/plans/plan_20090508T0000.parquet,41915
outputs/operation-sweep/with-degradation/critical_50/05-robustness/may/base/stochastic/plans/plan_20090509T0000.parquet,41856
outputs/operation-sweep/with-degradation/critical_50/05-robustness/may/base/stochastic/plans/plan_20090510T0000.parquet,41855
outputs/operation-sweep/with-degradation/critical_50/05-robustness/may/noise_005/prototype/metrics.json,2269
outputs/operation-sweep/with-degradation/critical_50/05-robustness/may/noise_005/prototype/operation_final.parquet,490182
outputs/operation-sweep/with-degradation/critical_50/05-robustness/may/noise_005/prototype/outage_calendar.json,542
outputs/operation-sweep/with-degradation/critical_50/05-robustness/may/noise_005/prototype/parameters_used.json,5904
outputs/operation-sweep/with-degradation/critical_50/05-robustness/may/noise_005/stochastic/metrics.json,2171
outputs/operation-sweep/with-degradation/critical_50/05-robustness/may/noise_005/stochastic/operation_final.parquet,446523
outputs/operation-sweep/with-degradation/critical_50/05-robustness/may/noise_005/stochastic/outage_calendar.json,542
outputs/operation-sweep/with-degradation/critical_50/05-robustness/may/noise_005/stochastic/parameters_used.json,5826
outputs/operation-sweep/with-degradation/critical_50/05-robustness/may/noise_005/stochastic/plans/plan_20090501T0000.parquet,41840
outputs/operation-sweep/with-degradation/critical_50/05-robustness/may/noise_005/stochastic/plans/plan_20090502T0000.parquet,41895
outputs/operation-sweep/with-degradation/critical_50/05-robustness/may/noise_005/stochastic/plans/plan_20090503T0000.parquet,41846
outputs/operation-sweep/with-degradation/critical_50/05-robustness/may/noise_005/stochastic/plans/plan_20090504T0000.parquet,41913
outputs/operation-sweep/with-degradation/critical_50/05-robustness/may/noise_005/stochastic/plans/plan_20090505T0000.parquet,41915
outputs/operation-sweep/with-degradation/critical_50/05-robustness/may/noise_005/stochastic/plans/plan_20090506T0000.parquet,41839
outputs/operation-sweep/with-degradation/critical_50/05-robustness/may/noise_005/stochastic/plans/plan_20090507T0000.parquet,41917
outputs/operation-sweep/with-degradation/critical_50/05-robustness/may/noise_005/stochastic/plans/plan_20090508T0000.parquet,41856
outputs/operation-sweep/with-degradation/critical_50/05-robustness/may/noise_005/stochastic/plans/plan_20090509T0000.parquet,41917
outputs/operation-sweep/with-degradation/critical_50/05-robustness/may/noise_005/stochastic/plans/plan_20090510T0000.parquet,41914
outputs/operation-sweep/with-degradation/critical_50/05-robustness/may/noise_010/prototype/metrics.json,2272
outputs/operation-sweep/with-degradation/critical_50/05-robustness/may/noise_010/prototype/operation_final.parquet,487721
outputs/operation-sweep/with-degradation/critical_50/05-robustness/may/noise_010/prototype/outage_calendar.json,542
outputs/operation-sweep/with-degradation/critical_50/05-robustness/may/noise_010/prototype/parameters_used.json,5903
outputs/operation-sweep/with-degradation/critical_50/05-robustness/may/noise_010/stochastic/metrics.json,2172
outputs/operation-sweep/with-degradation/critical_50/05-robustness/may/noise_010/stochastic/operation_final.parquet,447601
outputs/operation-sweep/with-degradation/critical_50/05-robustness/may/noise_010/stochastic/outage_calendar.json,542
outputs/operation-sweep/with-degradation/critical_50/05-robustness/may/noise_010/stochastic/parameters_used.json,5825
outputs/operation-sweep/with-degradation/critical_50/05-robustness/may/noise_010/stochastic/plans/plan_20090501T0000.parquet,41840
outputs/operation-sweep/with-degradation/critical_50/05-robustness/may/noise_010/stochastic/plans/plan_20090502T0000.parquet,41913
outputs/operation-sweep/with-degradation/critical_50/05-robustness/may/noise_010/stochastic/plans/plan_20090503T0000.parquet,41898
outputs/operation-sweep/with-degradation/critical_50/05-robustness/may/noise_010/stochastic/plans/plan_20090504T0000.parquet,41897
outputs/operation-sweep/with-degradation/critical_50/05-robustness/may/noise_010/stochastic/plans/plan_20090505T0000.parquet,41915
outputs/operation-sweep/with-degradation/critical_50/05-robustness/may/noise_010/stochastic/plans/plan_20090506T0000.parquet,41914
outputs/operation-sweep/with-degradation/critical_50/05-robustness/may/noise_010/stochastic/plans/plan_20090507T0000.parquet,41919
outputs/operation-sweep/with-degradation/critical_50/05-robustness/may/noise_010/stochastic/plans/plan_20090508T0000.parquet,41915
outputs/operation-sweep/with-degradation/critical_50/05-robustness/may/noise_010/stochastic/plans/plan_20090509T0000.parquet,41916
outputs/operation-sweep/with-degradation/critical_50/05-robustness/may/noise_010/stochastic/plans/plan_20090510T0000.parquet,41843
outputs/operation-sweep/with-degradation/critical_50/05-robustness/may/outage_2pct/prototype/metrics.json,2275
outputs/operation-sweep/with-degradation/critical_50/05-robustness/may/outage_2pct/prototype/operation_final.parquet,302563
outputs/operation-sweep/with-degradation/critical_50/05-robustness/may/outage_2pct/prototype/outage_calendar.json,241
outputs/operation-sweep/with-degradation/critical_50/05-robustness/may/outage_2pct/prototype/parameters_used.json,5904
outputs/operation-sweep/with-degradation/critical_50/05-robustness/may/outage_2pct/stochastic/metrics.json,2158
outputs/operation-sweep/with-degradation/critical_50/05-robustness/may/outage_2pct/stochastic/operation_final.parquet,277534
outputs/operation-sweep/with-degradation/critical_50/05-robustness/may/outage_2pct/stochastic/outage_calendar.json,241
outputs/operation-sweep/with-degradation/critical_50/05-robustness/may/outage_2pct/stochastic/parameters_used.json,5826
outputs/operation-sweep/with-degradation/critical_50/05-robustness/may/outage_2pct/stochastic/plans/plan_20090501T0000.parquet,40197
outputs/operation-sweep/with-degradation/critical_50/05-robustness/may/outage_2pct/stochastic/plans/plan_20090502T0000.parquet,40201
outputs/operation-sweep/with-degradation/critical_50/05-robustness/may/outage_2pct/stochastic/plans/plan_20090503T0000.parquet,40273
outputs/operation-sweep/with-degradation/critical_50/05-robustness/may/outage_2pct/stochastic/plans/plan_20090504T0000.parquet,40271
outputs/operation-sweep/with-degradation/critical_50/05-robustness/may/outage_2pct/stochastic/plans/plan_20090505T0000.parquet,40184
outputs/operation-sweep/with-degradation/critical_50/05-robustness/may/outage_2pct/stochastic/plans/plan_20090506T0000.parquet,40202
outputs/operation-sweep/with-degradation/critical_50/05-robustness/may/outage_2pct/stochastic/plans/plan_20090507T0000.parquet,40264
outputs/operation-sweep/with-degradation/critical_50/05-robustness/may/outage_2pct/stochastic/plans/plan_20090508T0000.parquet,40232
outputs/operation-sweep/with-degradation/critical_50/05-robustness/may/outage_2pct/stochastic/plans/plan_20090509T0000.parquet,40127
outputs/operation-sweep/with-degradation/critical_50/05-robustness/may/outage_2pct/stochastic/plans/plan_20090510T0000.parquet,40261
outputs/operation-sweep/with-degradation/critical_50/05-robustness/may/outage_5pct/prototype/metrics.json,2274
outputs/operation-sweep/with-degradation/critical_50/05-robustness/may/outage_5pct/prototype/operation_final.parquet,304547
outputs/operation-sweep/with-degradation/critical_50/05-robustness/may/outage_5pct/prototype/outage_calendar.json,543
outputs/operation-sweep/with-degradation/critical_50/05-robustness/may/outage_5pct/prototype/parameters_used.json,5904
outputs/operation-sweep/with-degradation/critical_50/05-robustness/may/outage_5pct/stochastic/metrics.json,2157
outputs/operation-sweep/with-degradation/critical_50/05-robustness/may/outage_5pct/stochastic/operation_final.parquet,287799
outputs/operation-sweep/with-degradation/critical_50/05-robustness/may/outage_5pct/stochastic/outage_calendar.json,543
outputs/operation-sweep/with-degradation/critical_50/05-robustness/may/outage_5pct/stochastic/parameters_used.json,5826
outputs/operation-sweep/with-degradation/critical_50/05-robustness/may/outage_5pct/stochastic/plans/plan_20090501T0000.parquet,41909
outputs/operation-sweep/with-degradation/critical_50/05-robustness/may/outage_5pct/stochastic/plans/plan_20090502T0000.parquet,41975
outputs/operation-sweep/with-degradation/critical_50/05-robustness/may/outage_5pct/stochastic/plans/plan_20090503T0000.parquet,41887
outputs/operation-sweep/with-degradation/critical_50/05-robustness/may/outage_5pct/stochastic/plans/plan_20090504T0000.parquet,41884
outputs/operation-sweep/with-degradation/critical_50/05-robustness/may/outage_5pct/stochastic/plans/plan_20090505T0000.parquet,41883
outputs/operation-sweep/with-degradation/critical_50/05-robustness/may/outage_5pct/stochastic/plans/plan_20090506T0000.parquet,41883
outputs/operation-sweep/with-degradation/critical_50/05-robustness/may/outage_5pct/stochastic/plans/plan_20090507T0000.parquet,41886
outputs/operation-sweep/with-degradation/critical_50/05-robustness/may/outage_5pct/stochastic/plans/plan_20090508T0000.parquet,41916
outputs/operation-sweep/with-degradation/critical_50/05-robustness/may/outage_5pct/stochastic/plans/plan_20090509T0000.parquet,41918
outputs/operation-sweep/with-degradation/critical_50/05-robustness/may/outage_5pct/stochastic/plans/plan_20090510T0000.parquet,41990
outputs/operation-sweep/with-degradation/critical_50/05-robustness/may/seed_44/prototype/metrics.json,2273
outputs/operation-sweep/with-degradation/critical_50/05-robustness/may/seed_44/prototype/operation_final.parquet,307159
outputs/operation-sweep/with-degradation/critical_50/05-robustness/may/seed_44/prototype/outage_calendar.json,393
outputs/operation-sweep/with-degradation/critical_50/05-robustness/may/seed_44/prototype/parameters_used.json,5905
outputs/operation-sweep/with-degradation/critical_50/05-robustness/may/seed_44/stochastic/metrics.json,2149
outputs/operation-sweep/with-degradation/critical_50/05-robustness/may/seed_44/stochastic/operation_final.parquet,288122
outputs/operation-sweep/with-degradation/critical_50/05-robustness/may/seed_44/stochastic/outage_calendar.json,393
outputs/operation-sweep/with-degradation/critical_50/05-robustness/may/seed_44/stochastic/parameters_used.json,5827
outputs/operation-sweep/with-degradation/critical_50/05-robustness/may/seed_44/stochastic/plans/plan_20090501T0000.parquet,41840
outputs/operation-sweep/with-degradation/critical_50/05-robustness/may/seed_44/stochastic/plans/plan_20090502T0000.parquet,41897
outputs/operation-sweep/with-degradation/critical_50/05-robustness/may/seed_44/stochastic/plans/plan_20090503T0000.parquet,41839
outputs/operation-sweep/with-degradation/critical_50/05-robustness/may/seed_44/stochastic/plans/plan_20090504T0000.parquet,41898
outputs/operation-sweep/with-degradation/critical_50/05-robustness/may/seed_44/stochastic/plans/plan_20090505T0000.parquet,41896
outputs/operation-sweep/with-degradation/critical_50/05-robustness/may/seed_44/stochastic/plans/plan_20090506T0000.parquet,41837
outputs/operation-sweep/with-degradation/critical_50/05-robustness/may/seed_44/stochastic/plans/plan_20090507T0000.parquet,41919
outputs/operation-sweep/with-degradation/critical_50/05-robustness/may/seed_44/stochastic/plans/plan_20090508T0000.parquet,41853
outputs/operation-sweep/with-degradation/critical_50/05-robustness/may/seed_44/stochastic/plans/plan_20090509T0000.parquet,41917
outputs/operation-sweep/with-degradation/critical_50/05-robustness/may/seed_44/stochastic/plans/plan_20090510T0000.parquet,41914
outputs/operation-sweep/with-degradation/critical_50/05-robustness/may/seed_47/prototype/metrics.json,2273
outputs/operation-sweep/with-degradation/critical_50/05-robustness/may/seed_47/prototype/operation_final.parquet,302642
outputs/operation-sweep/with-degradation/critical_50/05-robustness/may/seed_47/prototype/outage_calendar.json,394
outputs/operation-sweep/with-degradation/critical_50/05-robustness/may/seed_47/prototype/parameters_used.json,5905
outputs/operation-sweep/with-degradation/critical_50/05-robustness/may/seed_47/stochastic/metrics.json,2149
outputs/operation-sweep/with-degradation/critical_50/05-robustness/may/seed_47/stochastic/operation_final.parquet,281696
outputs/operation-sweep/with-degradation/critical_50/05-robustness/may/seed_47/stochastic/outage_calendar.json,394
outputs/operation-sweep/with-degradation/critical_50/05-robustness/may/seed_47/stochastic/parameters_used.json,5827
outputs/operation-sweep/with-degradation/critical_50/05-robustness/may/seed_47/stochastic/plans/plan_20090501T0000.parquet,41840
outputs/operation-sweep/with-degradation/critical_50/05-robustness/may/seed_47/stochastic/plans/plan_20090502T0000.parquet,41897
outputs/operation-sweep/with-degradation/critical_50/05-robustness/may/seed_47/stochastic/plans/plan_20090503T0000.parquet,41839
outputs/operation-sweep/with-degradation/critical_50/05-robustness/may/seed_47/stochastic/plans/plan_20090504T0000.parquet,41898
outputs/operation-sweep/with-degradation/critical_50/05-robustness/may/seed_47/stochastic/plans/plan_20090505T0000.parquet,41896
outputs/operation-sweep/with-degradation/critical_50/05-robustness/may/seed_47/stochastic/plans/plan_20090506T0000.parquet,41837
outputs/operation-sweep/with-degradation/critical_50/05-robustness/may/seed_47/stochastic/plans/plan_20090507T0000.parquet,41900
outputs/operation-sweep/with-degradation/critical_50/05-robustness/may/seed_47/stochastic/plans/plan_20090508T0000.parquet,41909
outputs/operation-sweep/with-degradation/critical_50/05-robustness/may/seed_47/stochastic/plans/plan_20090509T0000.parquet,41910
outputs/operation-sweep/with-degradation/critical_50/05-robustness/may/seed_47/stochastic/plans/plan_20090510T0000.parquet,41908
outputs/operation-sweep/with-degradation/critical_50/05-robustness/nov/base/prototype/metrics.json,2270
outputs/operation-sweep/with-degradation/critical_50/05-robustness/nov/base/prototype/operation_final.parquet,317834
outputs/operation-sweep/with-degradation/critical_50/05-robustness/nov/base/prototype/outage_calendar.json,240
outputs/operation-sweep/with-degradation/critical_50/05-robustness/nov/base/prototype/parameters_used.json,5905
outputs/operation-sweep/with-degradation/critical_50/05-robustness/nov/base/stochastic/metrics.json,2151
outputs/operation-sweep/with-degradation/critical_50/05-robustness/nov/base/stochastic/operation_final.parquet,287426
outputs/operation-sweep/with-degradation/critical_50/05-robustness/nov/base/stochastic/outage_calendar.json,240
outputs/operation-sweep/with-degradation/critical_50/05-robustness/nov/base/stochastic/parameters_used.json,5827
outputs/operation-sweep/with-degradation/critical_50/05-robustness/nov/base/stochastic/plans/plan_20091101T0000.parquet,41840
outputs/operation-sweep/with-degradation/critical_50/05-robustness/nov/base/stochastic/plans/plan_20091102T0000.parquet,41897
outputs/operation-sweep/with-degradation/critical_50/05-robustness/nov/base/stochastic/plans/plan_20091103T0000.parquet,41839
outputs/operation-sweep/with-degradation/critical_50/05-robustness/nov/base/stochastic/plans/plan_20091104T0000.parquet,41898
outputs/operation-sweep/with-degradation/critical_50/05-robustness/nov/base/stochastic/plans/plan_20091105T0000.parquet,41896
outputs/operation-sweep/with-degradation/critical_50/05-robustness/nov/base/stochastic/plans/plan_20091106T0000.parquet,41836
outputs/operation-sweep/with-degradation/critical_50/05-robustness/nov/base/stochastic/plans/plan_20091107T0000.parquet,41900
outputs/operation-sweep/with-degradation/critical_50/05-robustness/nov/base/stochastic/plans/plan_20091108T0000.parquet,41896
outputs/operation-sweep/with-degradation/critical_50/05-robustness/nov/base/stochastic/plans/plan_20091109T0000.parquet,41826
outputs/operation-sweep/with-degradation/critical_50/05-robustness/nov/base/stochastic/plans/plan_20091110T0000.parquet,41897
outputs/operation-sweep/with-degradation/critical_50/05-robustness/nov/noise_005/prototype/metrics.json,2273
outputs/operation-sweep/with-degradation/critical_50/05-robustness/nov/noise_005/prototype/operation_final.parquet,501338
outputs/operation-sweep/with-degradation/critical_50/05-robustness/nov/noise_005/prototype/outage_calendar.json,240
outputs/operation-sweep/with-degradation/critical_50/05-robustness/nov/noise_005/prototype/parameters_used.json,5904
outputs/operation-sweep/with-degradation/critical_50/05-robustness/nov/noise_005/stochastic/metrics.json,2169
outputs/operation-sweep/with-degradation/critical_50/05-robustness/nov/noise_005/stochastic/operation_final.parquet,451681
outputs/operation-sweep/with-degradation/critical_50/05-robustness/nov/noise_005/stochastic/outage_calendar.json,240
outputs/operation-sweep/with-degradation/critical_50/05-robustness/nov/noise_005/stochastic/parameters_used.json,5826
outputs/operation-sweep/with-degradation/critical_50/05-robustness/nov/noise_005/stochastic/plans/plan_20091101T0000.parquet,41840
outputs/operation-sweep/with-degradation/critical_50/05-robustness/nov/noise_005/stochastic/plans/plan_20091102T0000.parquet,41895
outputs/operation-sweep/with-degradation/critical_50/05-robustness/nov/noise_005/stochastic/plans/plan_20091103T0000.parquet,41918
outputs/operation-sweep/with-degradation/critical_50/05-robustness/nov/noise_005/stochastic/plans/plan_20091104T0000.parquet,41915
outputs/operation-sweep/with-degradation/critical_50/05-robustness/nov/noise_005/stochastic/plans/plan_20091105T0000.parquet,41896
outputs/operation-sweep/with-degradation/critical_50/05-robustness/nov/noise_005/stochastic/plans/plan_20091106T0000.parquet,41845
outputs/operation-sweep/with-degradation/critical_50/05-robustness/nov/noise_005/stochastic/plans/plan_20091107T0000.parquet,41830
outputs/operation-sweep/with-degradation/critical_50/05-robustness/nov/noise_005/stochastic/plans/plan_20091108T0000.parquet,41897
outputs/operation-sweep/with-degradation/critical_50/05-robustness/nov/noise_005/stochastic/plans/plan_20091109T0000.parquet,41845
outputs/operation-sweep/with-degradation/critical_50/05-robustness/nov/noise_005/stochastic/plans/plan_20091110T0000.parquet,41915
outputs/operation-sweep/with-degradation/critical_50/05-robustness/nov/noise_010/prototype/metrics.json,2277
outputs/operation-sweep/with-degradation/critical_50/05-robustness/nov/noise_010/prototype/operation_final.parquet,499566
outputs/operation-sweep/with-degradation/critical_50/05-robustness/nov/noise_010/prototype/outage_calendar.json,240
outputs/operation-sweep/with-degradation/critical_50/05-robustness/nov/noise_010/prototype/parameters_used.json,5903
outputs/operation-sweep/with-degradation/critical_50/05-robustness/nov/noise_010/stochastic/metrics.json,2170
outputs/operation-sweep/with-degradation/critical_50/05-robustness/nov/noise_010/stochastic/operation_final.parquet,451943
outputs/operation-sweep/with-degradation/critical_50/05-robustness/nov/noise_010/stochastic/outage_calendar.json,240
outputs/operation-sweep/with-degradation/critical_50/05-robustness/nov/noise_010/stochastic/parameters_used.json,5825
outputs/operation-sweep/with-degradation/critical_50/05-robustness/nov/noise_010/stochastic/plans/plan_20091101T0000.parquet,41840
outputs/operation-sweep/with-degradation/critical_50/05-robustness/nov/noise_010/stochastic/plans/plan_20091102T0000.parquet,41913
outputs/operation-sweep/with-degradation/critical_50/05-robustness/nov/noise_010/stochastic/plans/plan_20091103T0000.parquet,41830
outputs/operation-sweep/with-degradation/critical_50/05-robustness/nov/noise_010/stochastic/plans/plan_20091104T0000.parquet,41837
outputs/operation-sweep/with-degradation/critical_50/05-robustness/nov/noise_010/stochastic/plans/plan_20091105T0000.parquet,41832
outputs/operation-sweep/with-degradation/critical_50/05-robustness/nov/noise_010/stochastic/plans/plan_20091106T0000.parquet,41897
outputs/operation-sweep/with-degradation/critical_50/05-robustness/nov/noise_010/stochastic/plans/plan_20091107T0000.parquet,41900
outputs/operation-sweep/with-degradation/critical_50/05-robustness/nov/noise_010/stochastic/plans/plan_20091108T0000.parquet,41908
outputs/operation-sweep/with-degradation/critical_50/05-robustness/nov/noise_010/stochastic/plans/plan_20091109T0000.parquet,41838
outputs/operation-sweep/with-degradation/critical_50/05-robustness/nov/noise_010/stochastic/plans/plan_20091110T0000.parquet,41840
outputs/operation-sweep/with-degradation/critical_50/05-robustness/nov/outage_2pct/prototype/metrics.json,2273
outputs/operation-sweep/with-degradation/critical_50/05-robustness/nov/outage_2pct/prototype/operation_final.parquet,320417
outputs/operation-sweep/with-degradation/critical_50/05-robustness/nov/outage_2pct/prototype/outage_calendar.json,241
outputs/operation-sweep/with-degradation/critical_50/05-robustness/nov/outage_2pct/prototype/parameters_used.json,5904
outputs/operation-sweep/with-degradation/critical_50/05-robustness/nov/outage_2pct/stochastic/metrics.json,2155
outputs/operation-sweep/with-degradation/critical_50/05-robustness/nov/outage_2pct/stochastic/operation_final.parquet,286052
outputs/operation-sweep/with-degradation/critical_50/05-robustness/nov/outage_2pct/stochastic/outage_calendar.json,241
outputs/operation-sweep/with-degradation/critical_50/05-robustness/nov/outage_2pct/stochastic/parameters_used.json,5826
outputs/operation-sweep/with-degradation/critical_50/05-robustness/nov/outage_2pct/stochastic/plans/plan_20091101T0000.parquet,40200
outputs/operation-sweep/with-degradation/critical_50/05-robustness/nov/outage_2pct/stochastic/plans/plan_20091102T0000.parquet,40201
outputs/operation-sweep/with-degradation/critical_50/05-robustness/nov/outage_2pct/stochastic/plans/plan_20091103T0000.parquet,40303
outputs/operation-sweep/with-degradation/critical_50/05-robustness/nov/outage_2pct/stochastic/plans/plan_20091104T0000.parquet,40271
outputs/operation-sweep/with-degradation/critical_50/05-robustness/nov/outage_2pct/stochastic/plans/plan_20091105T0000.parquet,40184
outputs/operation-sweep/with-degradation/critical_50/05-robustness/nov/outage_2pct/stochastic/plans/plan_20091106T0000.parquet,40201
outputs/operation-sweep/with-degradation/critical_50/05-robustness/nov/outage_2pct/stochastic/plans/plan_20091107T0000.parquet,40264
outputs/operation-sweep/with-degradation/critical_50/05-robustness/nov/outage_2pct/stochastic/plans/plan_20091108T0000.parquet,40201
outputs/operation-sweep/with-degradation/critical_50/05-robustness/nov/outage_2pct/stochastic/plans/plan_20091109T0000.parquet,40127
outputs/operation-sweep/with-degradation/critical_50/05-robustness/nov/outage_2pct/stochastic/plans/plan_20091110T0000.parquet,40261
outputs/operation-sweep/with-degradation/critical_50/05-robustness/nov/outage_5pct/prototype/metrics.json,2269
outputs/operation-sweep/with-degradation/critical_50/05-robustness/nov/outage_5pct/prototype/operation_final.parquet,320735
outputs/operation-sweep/with-degradation/critical_50/05-robustness/nov/outage_5pct/prototype/outage_calendar.json,241
outputs/operation-sweep/with-degradation/critical_50/05-robustness/nov/outage_5pct/prototype/parameters_used.json,5904
outputs/operation-sweep/with-degradation/critical_50/05-robustness/nov/outage_5pct/stochastic/metrics.json,2149
outputs/operation-sweep/with-degradation/critical_50/05-robustness/nov/outage_5pct/stochastic/operation_final.parquet,287222
outputs/operation-sweep/with-degradation/critical_50/05-robustness/nov/outage_5pct/stochastic/outage_calendar.json,241
outputs/operation-sweep/with-degradation/critical_50/05-robustness/nov/outage_5pct/stochastic/parameters_used.json,5826
outputs/operation-sweep/with-degradation/critical_50/05-robustness/nov/outage_5pct/stochastic/plans/plan_20091101T0000.parquet,41909
outputs/operation-sweep/with-degradation/critical_50/05-robustness/nov/outage_5pct/stochastic/plans/plan_20091102T0000.parquet,41975
outputs/operation-sweep/with-degradation/critical_50/05-robustness/nov/outage_5pct/stochastic/plans/plan_20091103T0000.parquet,41917
outputs/operation-sweep/with-degradation/critical_50/05-robustness/nov/outage_5pct/stochastic/plans/plan_20091104T0000.parquet,41975
outputs/operation-sweep/with-degradation/critical_50/05-robustness/nov/outage_5pct/stochastic/plans/plan_20091105T0000.parquet,41975
outputs/operation-sweep/with-degradation/critical_50/05-robustness/nov/outage_5pct/stochastic/plans/plan_20091106T0000.parquet,41914
outputs/operation-sweep/with-degradation/critical_50/05-robustness/nov/outage_5pct/stochastic/plans/plan_20091107T0000.parquet,41977
outputs/operation-sweep/with-degradation/critical_50/05-robustness/nov/outage_5pct/stochastic/plans/plan_20091108T0000.parquet,41974
outputs/operation-sweep/with-degradation/critical_50/05-robustness/nov/outage_5pct/stochastic/plans/plan_20091109T0000.parquet,41905
outputs/operation-sweep/with-degradation/critical_50/05-robustness/nov/outage_5pct/stochastic/plans/plan_20091110T0000.parquet,41975
outputs/operation-sweep/with-degradation/critical_50/05-robustness/nov/seed_44/prototype/metrics.json,2256
outputs/operation-sweep/with-degradation/critical_50/05-robustness/nov/seed_44/prototype/operation_final.parquet,323005
outputs/operation-sweep/with-degradation/critical_50/05-robustness/nov/seed_44/prototype/outage_calendar.json,393
outputs/operation-sweep/with-degradation/critical_50/05-robustness/nov/seed_44/prototype/parameters_used.json,5905
outputs/operation-sweep/with-degradation/critical_50/05-robustness/nov/seed_44/stochastic/metrics.json,2152
outputs/operation-sweep/with-degradation/critical_50/05-robustness/nov/seed_44/stochastic/operation_final.parquet,296051
outputs/operation-sweep/with-degradation/critical_50/05-robustness/nov/seed_44/stochastic/outage_calendar.json,393
outputs/operation-sweep/with-degradation/critical_50/05-robustness/nov/seed_44/stochastic/parameters_used.json,5827
outputs/operation-sweep/with-degradation/critical_50/05-robustness/nov/seed_44/stochastic/plans/plan_20091101T0000.parquet,41840
outputs/operation-sweep/with-degradation/critical_50/05-robustness/nov/seed_44/stochastic/plans/plan_20091102T0000.parquet,41897
outputs/operation-sweep/with-degradation/critical_50/05-robustness/nov/seed_44/stochastic/plans/plan_20091103T0000.parquet,41839
outputs/operation-sweep/with-degradation/critical_50/05-robustness/nov/seed_44/stochastic/plans/plan_20091104T0000.parquet,41898
outputs/operation-sweep/with-degradation/critical_50/05-robustness/nov/seed_44/stochastic/plans/plan_20091105T0000.parquet,41896
outputs/operation-sweep/with-degradation/critical_50/05-robustness/nov/seed_44/stochastic/plans/plan_20091106T0000.parquet,41836
outputs/operation-sweep/with-degradation/critical_50/05-robustness/nov/seed_44/stochastic/plans/plan_20091107T0000.parquet,41766
outputs/operation-sweep/with-degradation/critical_50/05-robustness/nov/seed_44/stochastic/plans/plan_20091108T0000.parquet,41897
outputs/operation-sweep/with-degradation/critical_50/05-robustness/nov/seed_44/stochastic/plans/plan_20091109T0000.parquet,41896
outputs/operation-sweep/with-degradation/critical_50/05-robustness/nov/seed_44/stochastic/plans/plan_20091110T0000.parquet,41827
outputs/operation-sweep/with-degradation/critical_50/05-robustness/nov/seed_47/prototype/metrics.json,2251
outputs/operation-sweep/with-degradation/critical_50/05-robustness/nov/seed_47/prototype/operation_final.parquet,319125
outputs/operation-sweep/with-degradation/critical_50/05-robustness/nov/seed_47/prototype/outage_calendar.json,394
outputs/operation-sweep/with-degradation/critical_50/05-robustness/nov/seed_47/prototype/parameters_used.json,5905
outputs/operation-sweep/with-degradation/critical_50/05-robustness/nov/seed_47/stochastic/metrics.json,2150
outputs/operation-sweep/with-degradation/critical_50/05-robustness/nov/seed_47/stochastic/operation_final.parquet,289987
outputs/operation-sweep/with-degradation/critical_50/05-robustness/nov/seed_47/stochastic/outage_calendar.json,394
outputs/operation-sweep/with-degradation/critical_50/05-robustness/nov/seed_47/stochastic/parameters_used.json,5827
outputs/operation-sweep/with-degradation/critical_50/05-robustness/nov/seed_47/stochastic/plans/plan_20091101T0000.parquet,41840
outputs/operation-sweep/with-degradation/critical_50/05-robustness/nov/seed_47/stochastic/plans/plan_20091102T0000.parquet,41897
outputs/operation-sweep/with-degradation/critical_50/05-robustness/nov/seed_47/stochastic/plans/plan_20091103T0000.parquet,41839
outputs/operation-sweep/with-degradation/critical_50/05-robustness/nov/seed_47/stochastic/plans/plan_20091104T0000.parquet,41898
outputs/operation-sweep/with-degradation/critical_50/05-robustness/nov/seed_47/stochastic/plans/plan_20091105T0000.parquet,41896
outputs/operation-sweep/with-degradation/critical_50/05-robustness/nov/seed_47/stochastic/plans/plan_20091106T0000.parquet,41836
outputs/operation-sweep/with-degradation/critical_50/05-robustness/nov/seed_47/stochastic/plans/plan_20091107T0000.parquet,41900
outputs/operation-sweep/with-degradation/critical_50/05-robustness/nov/seed_47/stochastic/plans/plan_20091108T0000.parquet,41910
outputs/operation-sweep/with-degradation/critical_50/05-robustness/nov/seed_47/stochastic/plans/plan_20091109T0000.parquet,41912
outputs/operation-sweep/with-degradation/critical_50/05-robustness/nov/seed_47/stochastic/plans/plan_20091110T0000.parquet,41910
outputs/operation-sweep/with-degradation/critical_50/05-robustness/pipeline_state.json,256
outputs/operation-sweep/with-degradation/critical_50/05-robustness/summary.csv,56152
outputs/operation-sweep/with-degradation/critical_50/campaign-inputs/operational_parameters.json,5209
outputs/operation-sweep/with-degradation/critical_50/campaign-inputs/parameters.json,4225
outputs/operation-sweep/with-degradation/critical_50/campaign-inputs/sizing_artifact.json,15201
outputs/operation-sweep/with-degradation/critical_50/campaign_manifest.json,3396
outputs/operation-sweep/with-degradation/critical_50/champion_mesh.json,465
outputs/operation-sweep/with-degradation/economic/02-seasonal-mesh/champion_mesh.csv,7705
outputs/operation-sweep/with-degradation/economic/02-seasonal-mesh/champion_mesh.json,1239
outputs/operation-sweep/with-degradation/economic/02-seasonal-mesh/factor_effects.csv,2123
outputs/operation-sweep/with-degradation/economic/02-seasonal-mesh/summary.csv,883184
outputs/operation-sweep/with-degradation/economic/03-forecast-operation/2009-05/ideal/metrics.json,2204
outputs/operation-sweep/with-degradation/economic/03-forecast-operation/2009-05/ideal/operation_final.parquet,285501
outputs/operation-sweep/with-degradation/economic/03-forecast-operation/2009-05/ideal/outage_calendar.json,542
outputs/operation-sweep/with-degradation/economic/03-forecast-operation/2009-05/ideal/parameters_used.json,5778
outputs/operation-sweep/with-degradation/economic/03-forecast-operation/2009-05/lstm/metrics.json,2225
outputs/operation-sweep/with-degradation/economic/03-forecast-operation/2009-05/lstm/operation_final.parquet,286412
outputs/operation-sweep/with-degradation/economic/03-forecast-operation/2009-05/lstm/outage_calendar.json,542
outputs/operation-sweep/with-degradation/economic/03-forecast-operation/2009-05/lstm/parameters_used.json,5825
outputs/operation-sweep/with-degradation/economic/03-forecast-operation/2009-05/prototype/metrics.json,2215
outputs/operation-sweep/with-degradation/economic/03-forecast-operation/2009-05/prototype/operation_final.parquet,285491
outputs/operation-sweep/with-degradation/economic/03-forecast-operation/2009-05/prototype/outage_calendar.json,542
outputs/operation-sweep/with-degradation/economic/03-forecast-operation/2009-05/prototype/parameters_used.json,5791
outputs/operation-sweep/with-degradation/economic/03-forecast-operation/2009-06/ideal/metrics.json,2202
outputs/operation-sweep/with-degradation/economic/03-forecast-operation/2009-06/ideal/operation_final.parquet,275927
outputs/operation-sweep/with-degradation/economic/03-forecast-operation/2009-06/ideal/outage_calendar.json,545
outputs/operation-sweep/with-degradation/economic/03-forecast-operation/2009-06/ideal/parameters_used.json,5778
outputs/operation-sweep/with-degradation/economic/03-forecast-operation/2009-06/lstm/metrics.json,2222
outputs/operation-sweep/with-degradation/economic/03-forecast-operation/2009-06/lstm/operation_final.parquet,276839
outputs/operation-sweep/with-degradation/economic/03-forecast-operation/2009-06/lstm/outage_calendar.json,545
outputs/operation-sweep/with-degradation/economic/03-forecast-operation/2009-06/lstm/parameters_used.json,5825
outputs/operation-sweep/with-degradation/economic/03-forecast-operation/2009-06/prototype/metrics.json,2213
outputs/operation-sweep/with-degradation/economic/03-forecast-operation/2009-06/prototype/operation_final.parquet,276026
outputs/operation-sweep/with-degradation/economic/03-forecast-operation/2009-06/prototype/outage_calendar.json,545
outputs/operation-sweep/with-degradation/economic/03-forecast-operation/2009-06/prototype/parameters_used.json,5791
outputs/operation-sweep/with-degradation/economic/03-forecast-operation/2009-07/ideal/metrics.json,2200
outputs/operation-sweep/with-degradation/economic/03-forecast-operation/2009-07/ideal/operation_final.parquet,282049
outputs/operation-sweep/with-degradation/economic/03-forecast-operation/2009-07/ideal/outage_calendar.json,393
outputs/operation-sweep/with-degradation/economic/03-forecast-operation/2009-07/ideal/parameters_used.json,5778
outputs/operation-sweep/with-degradation/economic/03-forecast-operation/2009-07/lstm/metrics.json,2223
outputs/operation-sweep/with-degradation/economic/03-forecast-operation/2009-07/lstm/operation_final.parquet,282923
outputs/operation-sweep/with-degradation/economic/03-forecast-operation/2009-07/lstm/outage_calendar.json,393
outputs/operation-sweep/with-degradation/economic/03-forecast-operation/2009-07/lstm/parameters_used.json,5825
outputs/operation-sweep/with-degradation/economic/03-forecast-operation/2009-07/prototype/metrics.json,2212
outputs/operation-sweep/with-degradation/economic/03-forecast-operation/2009-07/prototype/operation_final.parquet,281917
outputs/operation-sweep/with-degradation/economic/03-forecast-operation/2009-07/prototype/outage_calendar.json,393
outputs/operation-sweep/with-degradation/economic/03-forecast-operation/2009-07/prototype/parameters_used.json,5791
outputs/operation-sweep/with-degradation/economic/03-forecast-operation/2009-08/ideal/metrics.json,2200
outputs/operation-sweep/with-degradation/economic/03-forecast-operation/2009-08/ideal/operation_final.parquet,254883
outputs/operation-sweep/with-degradation/economic/03-forecast-operation/2009-08/ideal/outage_calendar.json,696
outputs/operation-sweep/with-degradation/economic/03-forecast-operation/2009-08/ideal/parameters_used.json,5778
outputs/operation-sweep/with-degradation/economic/03-forecast-operation/2009-08/lstm/metrics.json,2222
outputs/operation-sweep/with-degradation/economic/03-forecast-operation/2009-08/lstm/operation_final.parquet,255930
outputs/operation-sweep/with-degradation/economic/03-forecast-operation/2009-08/lstm/outage_calendar.json,696
outputs/operation-sweep/with-degradation/economic/03-forecast-operation/2009-08/lstm/parameters_used.json,5825
outputs/operation-sweep/with-degradation/economic/03-forecast-operation/2009-08/prototype/metrics.json,2212
outputs/operation-sweep/with-degradation/economic/03-forecast-operation/2009-08/prototype/operation_final.parquet,254739
outputs/operation-sweep/with-degradation/economic/03-forecast-operation/2009-08/prototype/outage_calendar.json,696
outputs/operation-sweep/with-degradation/economic/03-forecast-operation/2009-08/prototype/parameters_used.json,5791
outputs/operation-sweep/with-degradation/economic/03-forecast-operation/2009-09/ideal/metrics.json,2199
outputs/operation-sweep/with-degradation/economic/03-forecast-operation/2009-09/ideal/operation_final.parquet,286192
outputs/operation-sweep/with-degradation/economic/03-forecast-operation/2009-09/ideal/outage_calendar.json,394
outputs/operation-sweep/with-degradation/economic/03-forecast-operation/2009-09/ideal/parameters_used.json,5778
outputs/operation-sweep/with-degradation/economic/03-forecast-operation/2009-09/lstm/metrics.json,2222
outputs/operation-sweep/with-degradation/economic/03-forecast-operation/2009-09/lstm/operation_final.parquet,286879
outputs/operation-sweep/with-degradation/economic/03-forecast-operation/2009-09/lstm/outage_calendar.json,394
outputs/operation-sweep/with-degradation/economic/03-forecast-operation/2009-09/lstm/parameters_used.json,5825
outputs/operation-sweep/with-degradation/economic/03-forecast-operation/2009-09/prototype/metrics.json,2211
outputs/operation-sweep/with-degradation/economic/03-forecast-operation/2009-09/prototype/operation_final.parquet,285991
outputs/operation-sweep/with-degradation/economic/03-forecast-operation/2009-09/prototype/outage_calendar.json,394
outputs/operation-sweep/with-degradation/economic/03-forecast-operation/2009-09/prototype/parameters_used.json,5791
outputs/operation-sweep/with-degradation/economic/03-forecast-operation/2009-10/ideal/metrics.json,2189
outputs/operation-sweep/with-degradation/economic/03-forecast-operation/2009-10/ideal/operation_final.parquet,297099
outputs/operation-sweep/with-degradation/economic/03-forecast-operation/2009-10/ideal/outage_calendar.json,394
outputs/operation-sweep/with-degradation/economic/03-forecast-operation/2009-10/ideal/parameters_used.json,5778
outputs/operation-sweep/with-degradation/economic/03-forecast-operation/2009-10/lstm/metrics.json,2212
outputs/operation-sweep/with-degradation/economic/03-forecast-operation/2009-10/lstm/operation_final.parquet,297493
outputs/operation-sweep/with-degradation/economic/03-forecast-operation/2009-10/lstm/outage_calendar.json,394
outputs/operation-sweep/with-degradation/economic/03-forecast-operation/2009-10/lstm/parameters_used.json,5825
outputs/operation-sweep/with-degradation/economic/03-forecast-operation/2009-10/prototype/metrics.json,2201
outputs/operation-sweep/with-degradation/economic/03-forecast-operation/2009-10/prototype/operation_final.parquet,297130
outputs/operation-sweep/with-degradation/economic/03-forecast-operation/2009-10/prototype/outage_calendar.json,394
outputs/operation-sweep/with-degradation/economic/03-forecast-operation/2009-10/prototype/parameters_used.json,5791
outputs/operation-sweep/with-degradation/economic/03-forecast-operation/2009-11/ideal/metrics.json,2185
outputs/operation-sweep/with-degradation/economic/03-forecast-operation/2009-11/ideal/operation_final.parquet,296959
outputs/operation-sweep/with-degradation/economic/03-forecast-operation/2009-11/ideal/outage_calendar.json,240
outputs/operation-sweep/with-degradation/economic/03-forecast-operation/2009-11/ideal/parameters_used.json,5778
outputs/operation-sweep/with-degradation/economic/03-forecast-operation/2009-11/lstm/metrics.json,2207
outputs/operation-sweep/with-degradation/economic/03-forecast-operation/2009-11/lstm/operation_final.parquet,297705
outputs/operation-sweep/with-degradation/economic/03-forecast-operation/2009-11/lstm/outage_calendar.json,240
outputs/operation-sweep/with-degradation/economic/03-forecast-operation/2009-11/lstm/parameters_used.json,5825
outputs/operation-sweep/with-degradation/economic/03-forecast-operation/2009-11/prototype/metrics.json,2195
outputs/operation-sweep/with-degradation/economic/03-forecast-operation/2009-11/prototype/operation_final.parquet,297123
outputs/operation-sweep/with-degradation/economic/03-forecast-operation/2009-11/prototype/outage_calendar.json,240
outputs/operation-sweep/with-degradation/economic/03-forecast-operation/2009-11/prototype/parameters_used.json,5791
outputs/operation-sweep/with-degradation/economic/03-forecast-operation/2009-12/ideal/metrics.json,2199
outputs/operation-sweep/with-degradation/economic/03-forecast-operation/2009-12/ideal/operation_final.parquet,293007
outputs/operation-sweep/with-degradation/economic/03-forecast-operation/2009-12/ideal/outage_calendar.json,545
outputs/operation-sweep/with-degradation/economic/03-forecast-operation/2009-12/ideal/parameters_used.json,5778
outputs/operation-sweep/with-degradation/economic/03-forecast-operation/2009-12/lstm/metrics.json,2222
outputs/operation-sweep/with-degradation/economic/03-forecast-operation/2009-12/lstm/operation_final.parquet,293676
outputs/operation-sweep/with-degradation/economic/03-forecast-operation/2009-12/lstm/outage_calendar.json,545
outputs/operation-sweep/with-degradation/economic/03-forecast-operation/2009-12/lstm/parameters_used.json,5825
outputs/operation-sweep/with-degradation/economic/03-forecast-operation/2009-12/prototype/metrics.json,2211
outputs/operation-sweep/with-degradation/economic/03-forecast-operation/2009-12/prototype/operation_final.parquet,292744
outputs/operation-sweep/with-degradation/economic/03-forecast-operation/2009-12/prototype/outage_calendar.json,545
outputs/operation-sweep/with-degradation/economic/03-forecast-operation/2009-12/prototype/parameters_used.json,5791
outputs/operation-sweep/with-degradation/economic/03-forecast-operation/2010-01/ideal/metrics.json,2203
outputs/operation-sweep/with-degradation/economic/03-forecast-operation/2010-01/ideal/operation_final.parquet,295322
outputs/operation-sweep/with-degradation/economic/03-forecast-operation/2010-01/ideal/outage_calendar.json,393
outputs/operation-sweep/with-degradation/economic/03-forecast-operation/2010-01/ideal/parameters_used.json,5778
outputs/operation-sweep/with-degradation/economic/03-forecast-operation/2010-01/lstm/metrics.json,2225
outputs/operation-sweep/with-degradation/economic/03-forecast-operation/2010-01/lstm/operation_final.parquet,296155
outputs/operation-sweep/with-degradation/economic/03-forecast-operation/2010-01/lstm/outage_calendar.json,393
outputs/operation-sweep/with-degradation/economic/03-forecast-operation/2010-01/lstm/parameters_used.json,5825
outputs/operation-sweep/with-degradation/economic/03-forecast-operation/2010-01/prototype/metrics.json,2214
outputs/operation-sweep/with-degradation/economic/03-forecast-operation/2010-01/prototype/operation_final.parquet,295459
outputs/operation-sweep/with-degradation/economic/03-forecast-operation/2010-01/prototype/outage_calendar.json,393
outputs/operation-sweep/with-degradation/economic/03-forecast-operation/2010-01/prototype/parameters_used.json,5791
outputs/operation-sweep/with-degradation/economic/03-forecast-operation/2010-02/ideal/metrics.json,2187
outputs/operation-sweep/with-degradation/economic/03-forecast-operation/2010-02/ideal/operation_final.parquet,307895
outputs/operation-sweep/with-degradation/economic/03-forecast-operation/2010-02/ideal/outage_calendar.json,240
outputs/operation-sweep/with-degradation/economic/03-forecast-operation/2010-02/ideal/parameters_used.json,5778
outputs/operation-sweep/with-degradation/economic/03-forecast-operation/2010-02/lstm/metrics.json,2210
outputs/operation-sweep/with-degradation/economic/03-forecast-operation/2010-02/lstm/operation_final.parquet,308635
outputs/operation-sweep/with-degradation/economic/03-forecast-operation/2010-02/lstm/outage_calendar.json,240
outputs/operation-sweep/with-degradation/economic/03-forecast-operation/2010-02/lstm/parameters_used.json,5825
outputs/operation-sweep/with-degradation/economic/03-forecast-operation/2010-02/prototype/metrics.json,2199
outputs/operation-sweep/with-degradation/economic/03-forecast-operation/2010-02/prototype/operation_final.parquet,307567
outputs/operation-sweep/with-degradation/economic/03-forecast-operation/2010-02/prototype/outage_calendar.json,240
outputs/operation-sweep/with-degradation/economic/03-forecast-operation/2010-02/prototype/parameters_used.json,5791
outputs/operation-sweep/with-degradation/economic/03-forecast-operation/2010-03/ideal/metrics.json,2196
outputs/operation-sweep/with-degradation/economic/03-forecast-operation/2010-03/ideal/operation_final.parquet,287392
outputs/operation-sweep/with-degradation/economic/03-forecast-operation/2010-03/ideal/outage_calendar.json,393
outputs/operation-sweep/with-degradation/economic/03-forecast-operation/2010-03/ideal/parameters_used.json,5778
outputs/operation-sweep/with-degradation/economic/03-forecast-operation/2010-03/lstm/metrics.json,2219
outputs/operation-sweep/with-degradation/economic/03-forecast-operation/2010-03/lstm/operation_final.parquet,288403
outputs/operation-sweep/with-degradation/economic/03-forecast-operation/2010-03/lstm/outage_calendar.json,393
outputs/operation-sweep/with-degradation/economic/03-forecast-operation/2010-03/lstm/parameters_used.json,5825
outputs/operation-sweep/with-degradation/economic/03-forecast-operation/2010-03/prototype/metrics.json,2209
outputs/operation-sweep/with-degradation/economic/03-forecast-operation/2010-03/prototype/operation_final.parquet,287185
outputs/operation-sweep/with-degradation/economic/03-forecast-operation/2010-03/prototype/outage_calendar.json,393
outputs/operation-sweep/with-degradation/economic/03-forecast-operation/2010-03/prototype/parameters_used.json,5791
outputs/operation-sweep/with-degradation/economic/03-forecast-operation/2010-04/ideal/metrics.json,2203
outputs/operation-sweep/with-degradation/economic/03-forecast-operation/2010-04/ideal/operation_final.parquet,283725
outputs/operation-sweep/with-degradation/economic/03-forecast-operation/2010-04/ideal/outage_calendar.json,394
outputs/operation-sweep/with-degradation/economic/03-forecast-operation/2010-04/ideal/parameters_used.json,5778
outputs/operation-sweep/with-degradation/economic/03-forecast-operation/2010-04/lstm/metrics.json,2225
outputs/operation-sweep/with-degradation/economic/03-forecast-operation/2010-04/lstm/operation_final.parquet,284475
outputs/operation-sweep/with-degradation/economic/03-forecast-operation/2010-04/lstm/outage_calendar.json,394
outputs/operation-sweep/with-degradation/economic/03-forecast-operation/2010-04/lstm/parameters_used.json,5825
outputs/operation-sweep/with-degradation/economic/03-forecast-operation/2010-04/prototype/metrics.json,2214
outputs/operation-sweep/with-degradation/economic/03-forecast-operation/2010-04/prototype/operation_final.parquet,283606
outputs/operation-sweep/with-degradation/economic/03-forecast-operation/2010-04/prototype/outage_calendar.json,394
outputs/operation-sweep/with-degradation/economic/03-forecast-operation/2010-04/prototype/parameters_used.json,5791
outputs/operation-sweep/with-degradation/economic/03-forecast-operation/pipeline_state.json,254
outputs/operation-sweep/with-degradation/economic/03-forecast-operation/summary.csv,33460
outputs/operation-sweep/with-degradation/economic/campaign-inputs/operational_parameters.json,5095
outputs/operation-sweep/with-degradation/economic/campaign-inputs/parameters.json,4225
outputs/operation-sweep/with-degradation/economic/campaign-inputs/sizing_artifact.json,15630
outputs/operation-sweep/with-degradation/economic/campaign_manifest.json,3352
outputs/operation-sweep/with-degradation/economic/champion_mesh.json,465
outputs/operation-sweep/with-degradation/full_100/02-seasonal-mesh/champion_mesh.csv,8604
outputs/operation-sweep/with-degradation/full_100/02-seasonal-mesh/champion_mesh.json,1295
outputs/operation-sweep/with-degradation/full_100/02-seasonal-mesh/factor_effects.csv,2099
outputs/operation-sweep/with-degradation/full_100/02-seasonal-mesh/summary.csv,954676
outputs/operation-sweep/with-degradation/full_100/03-forecast-operation/2009-05/ideal/metrics.json,2259
outputs/operation-sweep/with-degradation/full_100/03-forecast-operation/2009-05/ideal/operation_final.parquet,304936
outputs/operation-sweep/with-degradation/full_100/03-forecast-operation/2009-05/ideal/outage_calendar.json,542
outputs/operation-sweep/with-degradation/full_100/03-forecast-operation/2009-05/ideal/parameters_used.json,5884
outputs/operation-sweep/with-degradation/full_100/03-forecast-operation/2009-05/lstm/metrics.json,2261
outputs/operation-sweep/with-degradation/full_100/03-forecast-operation/2009-05/lstm/operation_final.parquet,304997
outputs/operation-sweep/with-degradation/full_100/03-forecast-operation/2009-05/lstm/outage_calendar.json,542
outputs/operation-sweep/with-degradation/full_100/03-forecast-operation/2009-05/lstm/parameters_used.json,5931
outputs/operation-sweep/with-degradation/full_100/03-forecast-operation/2009-05/prototype/metrics.json,2264
outputs/operation-sweep/with-degradation/full_100/03-forecast-operation/2009-05/prototype/operation_final.parquet,302345
outputs/operation-sweep/with-degradation/full_100/03-forecast-operation/2009-05/prototype/outage_calendar.json,542
outputs/operation-sweep/with-degradation/full_100/03-forecast-operation/2009-05/prototype/parameters_used.json,5897
outputs/operation-sweep/with-degradation/full_100/03-forecast-operation/2009-06/ideal/metrics.json,2256
outputs/operation-sweep/with-degradation/full_100/03-forecast-operation/2009-06/ideal/operation_final.parquet,298111
outputs/operation-sweep/with-degradation/full_100/03-forecast-operation/2009-06/ideal/outage_calendar.json,545
outputs/operation-sweep/with-degradation/full_100/03-forecast-operation/2009-06/ideal/parameters_used.json,5884
outputs/operation-sweep/with-degradation/full_100/03-forecast-operation/2009-06/lstm/metrics.json,2262
outputs/operation-sweep/with-degradation/full_100/03-forecast-operation/2009-06/lstm/operation_final.parquet,295801
outputs/operation-sweep/with-degradation/full_100/03-forecast-operation/2009-06/lstm/outage_calendar.json,545
outputs/operation-sweep/with-degradation/full_100/03-forecast-operation/2009-06/lstm/parameters_used.json,5931
outputs/operation-sweep/with-degradation/full_100/03-forecast-operation/2009-06/prototype/metrics.json,2269
outputs/operation-sweep/with-degradation/full_100/03-forecast-operation/2009-06/prototype/operation_final.parquet,293281
outputs/operation-sweep/with-degradation/full_100/03-forecast-operation/2009-06/prototype/outage_calendar.json,545
outputs/operation-sweep/with-degradation/full_100/03-forecast-operation/2009-06/prototype/parameters_used.json,5897
outputs/operation-sweep/with-degradation/full_100/03-forecast-operation/2009-07/ideal/metrics.json,2255
outputs/operation-sweep/with-degradation/full_100/03-forecast-operation/2009-07/ideal/operation_final.parquet,304694
outputs/operation-sweep/with-degradation/full_100/03-forecast-operation/2009-07/ideal/outage_calendar.json,393
outputs/operation-sweep/with-degradation/full_100/03-forecast-operation/2009-07/ideal/parameters_used.json,5884
outputs/operation-sweep/with-degradation/full_100/03-forecast-operation/2009-07/lstm/metrics.json,2243
outputs/operation-sweep/with-degradation/full_100/03-forecast-operation/2009-07/lstm/operation_final.parquet,304050
outputs/operation-sweep/with-degradation/full_100/03-forecast-operation/2009-07/lstm/outage_calendar.json,393
outputs/operation-sweep/with-degradation/full_100/03-forecast-operation/2009-07/lstm/parameters_used.json,5931
outputs/operation-sweep/with-degradation/full_100/03-forecast-operation/2009-07/prototype/metrics.json,2266
outputs/operation-sweep/with-degradation/full_100/03-forecast-operation/2009-07/prototype/operation_final.parquet,303951
outputs/operation-sweep/with-degradation/full_100/03-forecast-operation/2009-07/prototype/outage_calendar.json,393
outputs/operation-sweep/with-degradation/full_100/03-forecast-operation/2009-07/prototype/parameters_used.json,5897
outputs/operation-sweep/with-degradation/full_100/03-forecast-operation/2009-08/ideal/metrics.json,2265
outputs/operation-sweep/with-degradation/full_100/03-forecast-operation/2009-08/ideal/operation_final.parquet,272413
outputs/operation-sweep/with-degradation/full_100/03-forecast-operation/2009-08/ideal/outage_calendar.json,696
outputs/operation-sweep/with-degradation/full_100/03-forecast-operation/2009-08/ideal/parameters_used.json,5884
outputs/operation-sweep/with-degradation/full_100/03-forecast-operation/2009-08/lstm/metrics.json,2289
outputs/operation-sweep/with-degradation/full_100/03-forecast-operation/2009-08/lstm/operation_final.parquet,278462
outputs/operation-sweep/with-degradation/full_100/03-forecast-operation/2009-08/lstm/outage_calendar.json,696
outputs/operation-sweep/with-degradation/full_100/03-forecast-operation/2009-08/lstm/parameters_used.json,5931
outputs/operation-sweep/with-degradation/full_100/03-forecast-operation/2009-08/prototype/metrics.json,2259
outputs/operation-sweep/with-degradation/full_100/03-forecast-operation/2009-08/prototype/operation_final.parquet,272053
outputs/operation-sweep/with-degradation/full_100/03-forecast-operation/2009-08/prototype/outage_calendar.json,696
outputs/operation-sweep/with-degradation/full_100/03-forecast-operation/2009-08/prototype/parameters_used.json,5897
outputs/operation-sweep/with-degradation/full_100/03-forecast-operation/2009-09/ideal/metrics.json,2240
outputs/operation-sweep/with-degradation/full_100/03-forecast-operation/2009-09/ideal/operation_final.parquet,308731
outputs/operation-sweep/with-degradation/full_100/03-forecast-operation/2009-09/ideal/outage_calendar.json,394
outputs/operation-sweep/with-degradation/full_100/03-forecast-operation/2009-09/ideal/parameters_used.json,5884
outputs/operation-sweep/with-degradation/full_100/03-forecast-operation/2009-09/lstm/metrics.json,2264
outputs/operation-sweep/with-degradation/full_100/03-forecast-operation/2009-09/lstm/operation_final.parquet,309539
outputs/operation-sweep/with-degradation/full_100/03-forecast-operation/2009-09/lstm/outage_calendar.json,394
outputs/operation-sweep/with-degradation/full_100/03-forecast-operation/2009-09/lstm/parameters_used.json,5931
outputs/operation-sweep/with-degradation/full_100/03-forecast-operation/2009-09/prototype/metrics.json,2269
outputs/operation-sweep/with-degradation/full_100/03-forecast-operation/2009-09/prototype/operation_final.parquet,307510
outputs/operation-sweep/with-degradation/full_100/03-forecast-operation/2009-09/prototype/outage_calendar.json,394
outputs/operation-sweep/with-degradation/full_100/03-forecast-operation/2009-09/prototype/parameters_used.json,5897
outputs/operation-sweep/with-degradation/full_100/03-forecast-operation/2009-10/ideal/metrics.json,2237
outputs/operation-sweep/with-degradation/full_100/03-forecast-operation/2009-10/ideal/operation_final.parquet,318525
outputs/operation-sweep/with-degradation/full_100/03-forecast-operation/2009-10/ideal/outage_calendar.json,394
outputs/operation-sweep/with-degradation/full_100/03-forecast-operation/2009-10/ideal/parameters_used.json,5884
outputs/operation-sweep/with-degradation/full_100/03-forecast-operation/2009-10/lstm/metrics.json,2277
outputs/operation-sweep/with-degradation/full_100/03-forecast-operation/2009-10/lstm/operation_final.parquet,318134
outputs/operation-sweep/with-degradation/full_100/03-forecast-operation/2009-10/lstm/outage_calendar.json,394
outputs/operation-sweep/with-degradation/full_100/03-forecast-operation/2009-10/lstm/parameters_used.json,5931
outputs/operation-sweep/with-degradation/full_100/03-forecast-operation/2009-10/prototype/metrics.json,2269
outputs/operation-sweep/with-degradation/full_100/03-forecast-operation/2009-10/prototype/operation_final.parquet,314958
outputs/operation-sweep/with-degradation/full_100/03-forecast-operation/2009-10/prototype/outage_calendar.json,394
outputs/operation-sweep/with-degradation/full_100/03-forecast-operation/2009-10/prototype/parameters_used.json,5897
outputs/operation-sweep/with-degradation/full_100/03-forecast-operation/2009-11/ideal/metrics.json,2251
outputs/operation-sweep/with-degradation/full_100/03-forecast-operation/2009-11/ideal/operation_final.parquet,320910
outputs/operation-sweep/with-degradation/full_100/03-forecast-operation/2009-11/ideal/outage_calendar.json,240
outputs/operation-sweep/with-degradation/full_100/03-forecast-operation/2009-11/ideal/parameters_used.json,5884
outputs/operation-sweep/with-degradation/full_100/03-forecast-operation/2009-11/lstm/metrics.json,2278
outputs/operation-sweep/with-degradation/full_100/03-forecast-operation/2009-11/lstm/operation_final.parquet,318004
outputs/operation-sweep/with-degradation/full_100/03-forecast-operation/2009-11/lstm/outage_calendar.json,240
outputs/operation-sweep/with-degradation/full_100/03-forecast-operation/2009-11/lstm/parameters_used.json,5931
outputs/operation-sweep/with-degradation/full_100/03-forecast-operation/2009-11/prototype/metrics.json,2264
outputs/operation-sweep/with-degradation/full_100/03-forecast-operation/2009-11/prototype/operation_final.parquet,316119
outputs/operation-sweep/with-degradation/full_100/03-forecast-operation/2009-11/prototype/outage_calendar.json,240
outputs/operation-sweep/with-degradation/full_100/03-forecast-operation/2009-11/prototype/parameters_used.json,5897
outputs/operation-sweep/with-degradation/full_100/03-forecast-operation/2009-12/ideal/metrics.json,2260
outputs/operation-sweep/with-degradation/full_100/03-forecast-operation/2009-12/ideal/operation_final.parquet,308797
outputs/operation-sweep/with-degradation/full_100/03-forecast-operation/2009-12/ideal/outage_calendar.json,545
outputs/operation-sweep/with-degradation/full_100/03-forecast-operation/2009-12/ideal/parameters_used.json,5884
outputs/operation-sweep/with-degradation/full_100/03-forecast-operation/2009-12/lstm/metrics.json,2259
outputs/operation-sweep/with-degradation/full_100/03-forecast-operation/2009-12/lstm/operation_final.parquet,307989
outputs/operation-sweep/with-degradation/full_100/03-forecast-operation/2009-12/lstm/outage_calendar.json,545
outputs/operation-sweep/with-degradation/full_100/03-forecast-operation/2009-12/lstm/parameters_used.json,5931
outputs/operation-sweep/with-degradation/full_100/03-forecast-operation/2009-12/prototype/metrics.json,2270
outputs/operation-sweep/with-degradation/full_100/03-forecast-operation/2009-12/prototype/operation_final.parquet,304888
outputs/operation-sweep/with-degradation/full_100/03-forecast-operation/2009-12/prototype/outage_calendar.json,545
outputs/operation-sweep/with-degradation/full_100/03-forecast-operation/2009-12/prototype/parameters_used.json,5897
outputs/operation-sweep/with-degradation/full_100/03-forecast-operation/2010-01/ideal/metrics.json,2260
outputs/operation-sweep/with-degradation/full_100/03-forecast-operation/2010-01/ideal/operation_final.parquet,317550
outputs/operation-sweep/with-degradation/full_100/03-forecast-operation/2010-01/ideal/outage_calendar.json,393
outputs/operation-sweep/with-degradation/full_100/03-forecast-operation/2010-01/ideal/parameters_used.json,5884
outputs/operation-sweep/with-degradation/full_100/03-forecast-operation/2010-01/lstm/metrics.json,2265
outputs/operation-sweep/with-degradation/full_100/03-forecast-operation/2010-01/lstm/operation_final.parquet,314354
outputs/operation-sweep/with-degradation/full_100/03-forecast-operation/2010-01/lstm/outage_calendar.json,393
outputs/operation-sweep/with-degradation/full_100/03-forecast-operation/2010-01/lstm/parameters_used.json,5931
outputs/operation-sweep/with-degradation/full_100/03-forecast-operation/2010-01/prototype/metrics.json,2269
outputs/operation-sweep/with-degradation/full_100/03-forecast-operation/2010-01/prototype/operation_final.parquet,310619
outputs/operation-sweep/with-degradation/full_100/03-forecast-operation/2010-01/prototype/outage_calendar.json,393
outputs/operation-sweep/with-degradation/full_100/03-forecast-operation/2010-01/prototype/parameters_used.json,5897
outputs/operation-sweep/with-degradation/full_100/03-forecast-operation/2010-02/ideal/metrics.json,2241
outputs/operation-sweep/with-degradation/full_100/03-forecast-operation/2010-02/ideal/operation_final.parquet,330702
outputs/operation-sweep/with-degradation/full_100/03-forecast-operation/2010-02/ideal/outage_calendar.json,240
outputs/operation-sweep/with-degradation/full_100/03-forecast-operation/2010-02/ideal/parameters_used.json,5884
outputs/operation-sweep/with-degradation/full_100/03-forecast-operation/2010-02/lstm/metrics.json,2281
outputs/operation-sweep/with-degradation/full_100/03-forecast-operation/2010-02/lstm/operation_final.parquet,325951
outputs/operation-sweep/with-degradation/full_100/03-forecast-operation/2010-02/lstm/outage_calendar.json,240
outputs/operation-sweep/with-degradation/full_100/03-forecast-operation/2010-02/lstm/parameters_used.json,5931
outputs/operation-sweep/with-degradation/full_100/03-forecast-operation/2010-02/prototype/metrics.json,2269
outputs/operation-sweep/with-degradation/full_100/03-forecast-operation/2010-02/prototype/operation_final.parquet,324212
outputs/operation-sweep/with-degradation/full_100/03-forecast-operation/2010-02/prototype/outage_calendar.json,240
outputs/operation-sweep/with-degradation/full_100/03-forecast-operation/2010-02/prototype/parameters_used.json,5897
outputs/operation-sweep/with-degradation/full_100/03-forecast-operation/2010-03/ideal/metrics.json,2256
outputs/operation-sweep/with-degradation/full_100/03-forecast-operation/2010-03/ideal/operation_final.parquet,306652
outputs/operation-sweep/with-degradation/full_100/03-forecast-operation/2010-03/ideal/outage_calendar.json,393
outputs/operation-sweep/with-degradation/full_100/03-forecast-operation/2010-03/ideal/parameters_used.json,5884
outputs/operation-sweep/with-degradation/full_100/03-forecast-operation/2010-03/lstm/metrics.json,2262
outputs/operation-sweep/with-degradation/full_100/03-forecast-operation/2010-03/lstm/operation_final.parquet,307867
outputs/operation-sweep/with-degradation/full_100/03-forecast-operation/2010-03/lstm/outage_calendar.json,393
outputs/operation-sweep/with-degradation/full_100/03-forecast-operation/2010-03/lstm/parameters_used.json,5931
outputs/operation-sweep/with-degradation/full_100/03-forecast-operation/2010-03/prototype/metrics.json,2270
outputs/operation-sweep/with-degradation/full_100/03-forecast-operation/2010-03/prototype/operation_final.parquet,305730
outputs/operation-sweep/with-degradation/full_100/03-forecast-operation/2010-03/prototype/outage_calendar.json,393
outputs/operation-sweep/with-degradation/full_100/03-forecast-operation/2010-03/prototype/parameters_used.json,5897
outputs/operation-sweep/with-degradation/full_100/03-forecast-operation/2010-04/ideal/metrics.json,2254
outputs/operation-sweep/with-degradation/full_100/03-forecast-operation/2010-04/ideal/operation_final.parquet,306613
outputs/operation-sweep/with-degradation/full_100/03-forecast-operation/2010-04/ideal/outage_calendar.json,394
outputs/operation-sweep/with-degradation/full_100/03-forecast-operation/2010-04/ideal/parameters_used.json,5884
outputs/operation-sweep/with-degradation/full_100/03-forecast-operation/2010-04/lstm/metrics.json,2277
outputs/operation-sweep/with-degradation/full_100/03-forecast-operation/2010-04/lstm/operation_final.parquet,306037
outputs/operation-sweep/with-degradation/full_100/03-forecast-operation/2010-04/lstm/outage_calendar.json,394
outputs/operation-sweep/with-degradation/full_100/03-forecast-operation/2010-04/lstm/parameters_used.json,5931
outputs/operation-sweep/with-degradation/full_100/03-forecast-operation/2010-04/prototype/metrics.json,2264
outputs/operation-sweep/with-degradation/full_100/03-forecast-operation/2010-04/prototype/operation_final.parquet,302536
outputs/operation-sweep/with-degradation/full_100/03-forecast-operation/2010-04/prototype/outage_calendar.json,394
outputs/operation-sweep/with-degradation/full_100/03-forecast-operation/2010-04/prototype/parameters_used.json,5897
outputs/operation-sweep/with-degradation/full_100/03-forecast-operation/pipeline_state.json,254
outputs/operation-sweep/with-degradation/full_100/03-forecast-operation/summary.csv,35986
outputs/operation-sweep/with-degradation/full_100/05-robustness/aug/base/prototype/metrics.json,2259
outputs/operation-sweep/with-degradation/full_100/05-robustness/aug/base/prototype/operation_final.parquet,271991
outputs/operation-sweep/with-degradation/full_100/05-robustness/aug/base/prototype/outage_calendar.json,696
outputs/operation-sweep/with-degradation/full_100/05-robustness/aug/base/prototype/parameters_used.json,5897
outputs/operation-sweep/with-degradation/full_100/05-robustness/aug/base/stochastic/metrics.json,2151
outputs/operation-sweep/with-degradation/full_100/05-robustness/aug/base/stochastic/operation_final.parquet,265154
outputs/operation-sweep/with-degradation/full_100/05-robustness/aug/base/stochastic/outage_calendar.json,696
outputs/operation-sweep/with-degradation/full_100/05-robustness/aug/base/stochastic/parameters_used.json,5819
outputs/operation-sweep/with-degradation/full_100/05-robustness/aug/base/stochastic/plans/plan_20090801T0000.parquet,41938
outputs/operation-sweep/with-degradation/full_100/05-robustness/aug/base/stochastic/plans/plan_20090802T0000.parquet,41939
outputs/operation-sweep/with-degradation/full_100/05-robustness/aug/base/stochastic/plans/plan_20090803T0000.parquet,41958
outputs/operation-sweep/with-degradation/full_100/05-robustness/aug/base/stochastic/plans/plan_20090804T0000.parquet,41867
outputs/operation-sweep/with-degradation/full_100/05-robustness/aug/base/stochastic/plans/plan_20090805T0000.parquet,41939
outputs/operation-sweep/with-degradation/full_100/05-robustness/aug/base/stochastic/plans/plan_20090806T0000.parquet,41939
outputs/operation-sweep/with-degradation/full_100/05-robustness/aug/base/stochastic/plans/plan_20090807T0000.parquet,41946
outputs/operation-sweep/with-degradation/full_100/05-robustness/aug/base/stochastic/plans/plan_20090808T0000.parquet,41946
outputs/operation-sweep/with-degradation/full_100/05-robustness/aug/base/stochastic/plans/plan_20090809T0000.parquet,41945
outputs/operation-sweep/with-degradation/full_100/05-robustness/aug/base/stochastic/plans/plan_20090810T0000.parquet,41938
outputs/operation-sweep/with-degradation/full_100/05-robustness/aug/noise_005/prototype/metrics.json,2273
outputs/operation-sweep/with-degradation/full_100/05-robustness/aug/noise_005/prototype/operation_final.parquet,471582
outputs/operation-sweep/with-degradation/full_100/05-robustness/aug/noise_005/prototype/outage_calendar.json,696
outputs/operation-sweep/with-degradation/full_100/05-robustness/aug/noise_005/prototype/parameters_used.json,5896
outputs/operation-sweep/with-degradation/full_100/05-robustness/aug/noise_005/stochastic/metrics.json,2167
outputs/operation-sweep/with-degradation/full_100/05-robustness/aug/noise_005/stochastic/operation_final.parquet,431782
outputs/operation-sweep/with-degradation/full_100/05-robustness/aug/noise_005/stochastic/outage_calendar.json,696
outputs/operation-sweep/with-degradation/full_100/05-robustness/aug/noise_005/stochastic/parameters_used.json,5818
outputs/operation-sweep/with-degradation/full_100/05-robustness/aug/noise_005/stochastic/plans/plan_20090801T0000.parquet,41938
outputs/operation-sweep/with-degradation/full_100/05-robustness/aug/noise_005/stochastic/plans/plan_20090802T0000.parquet,41942
outputs/operation-sweep/with-degradation/full_100/05-robustness/aug/noise_005/stochastic/plans/plan_20090803T0000.parquet,41869
outputs/operation-sweep/with-degradation/full_100/05-robustness/aug/noise_005/stochastic/plans/plan_20090804T0000.parquet,41872
outputs/operation-sweep/with-degradation/full_100/05-robustness/aug/noise_005/stochastic/plans/plan_20090805T0000.parquet,41810
outputs/operation-sweep/with-degradation/full_100/05-robustness/aug/noise_005/stochastic/plans/plan_20090806T0000.parquet,41944
outputs/operation-sweep/with-degradation/full_100/05-robustness/aug/noise_005/stochastic/plans/plan_20090807T0000.parquet,41942
outputs/operation-sweep/with-degradation/full_100/05-robustness/aug/noise_005/stochastic/plans/plan_20090808T0000.parquet,41939
outputs/operation-sweep/with-degradation/full_100/05-robustness/aug/noise_005/stochastic/plans/plan_20090809T0000.parquet,41940
outputs/operation-sweep/with-degradation/full_100/05-robustness/aug/noise_005/stochastic/plans/plan_20090810T0000.parquet,41943
outputs/operation-sweep/with-degradation/full_100/05-robustness/aug/noise_010/prototype/metrics.json,2256
outputs/operation-sweep/with-degradation/full_100/05-robustness/aug/noise_010/prototype/operation_final.parquet,472006
outputs/operation-sweep/with-degradation/full_100/05-robustness/aug/noise_010/prototype/outage_calendar.json,696
outputs/operation-sweep/with-degradation/full_100/05-robustness/aug/noise_010/prototype/parameters_used.json,5895
outputs/operation-sweep/with-degradation/full_100/05-robustness/aug/noise_010/stochastic/metrics.json,2168
outputs/operation-sweep/with-degradation/full_100/05-robustness/aug/noise_010/stochastic/operation_final.parquet,432492
outputs/operation-sweep/with-degradation/full_100/05-robustness/aug/noise_010/stochastic/outage_calendar.json,696
outputs/operation-sweep/with-degradation/full_100/05-robustness/aug/noise_010/stochastic/parameters_used.json,5817
outputs/operation-sweep/with-degradation/full_100/05-robustness/aug/noise_010/stochastic/plans/plan_20090801T0000.parquet,41938
outputs/operation-sweep/with-degradation/full_100/05-robustness/aug/noise_010/stochastic/plans/plan_20090802T0000.parquet,41942
outputs/operation-sweep/with-degradation/full_100/05-robustness/aug/noise_010/stochastic/plans/plan_20090803T0000.parquet,42015
outputs/operation-sweep/with-degradation/full_100/05-robustness/aug/noise_010/stochastic/plans/plan_20090804T0000.parquet,41872
outputs/operation-sweep/with-degradation/full_100/05-robustness/aug/noise_010/stochastic/plans/plan_20090805T0000.parquet,41942
outputs/operation-sweep/with-degradation/full_100/05-robustness/aug/noise_010/stochastic/plans/plan_20090806T0000.parquet,41942
outputs/operation-sweep/with-degradation/full_100/05-robustness/aug/noise_010/stochastic/plans/plan_20090807T0000.parquet,41948
outputs/operation-sweep/with-degradation/full_100/05-robustness/aug/noise_010/stochastic/plans/plan_20090808T0000.parquet,41945
outputs/operation-sweep/with-degradation/full_100/05-robustness/aug/noise_010/stochastic/plans/plan_20090809T0000.parquet,41945
outputs/operation-sweep/with-degradation/full_100/05-robustness/aug/noise_010/stochastic/plans/plan_20090810T0000.parquet,41871
outputs/operation-sweep/with-degradation/full_100/05-robustness/aug/outage_2pct/prototype/metrics.json,2256
outputs/operation-sweep/with-degradation/full_100/05-robustness/aug/outage_2pct/prototype/operation_final.parquet,268441
outputs/operation-sweep/with-degradation/full_100/05-robustness/aug/outage_2pct/prototype/outage_calendar.json,394
outputs/operation-sweep/with-degradation/full_100/05-robustness/aug/outage_2pct/prototype/parameters_used.json,5896
outputs/operation-sweep/with-degradation/full_100/05-robustness/aug/outage_2pct/stochastic/metrics.json,2160
outputs/operation-sweep/with-degradation/full_100/05-robustness/aug/outage_2pct/stochastic/operation_final.parquet,248044
outputs/operation-sweep/with-degradation/full_100/05-robustness/aug/outage_2pct/stochastic/outage_calendar.json,394
outputs/operation-sweep/with-degradation/full_100/05-robustness/aug/outage_2pct/stochastic/parameters_used.json,5818
outputs/operation-sweep/with-degradation/full_100/05-robustness/aug/outage_2pct/stochastic/plans/plan_20090801T0000.parquet,41832
outputs/operation-sweep/with-degradation/full_100/05-robustness/aug/outage_2pct/stochastic/plans/plan_20090802T0000.parquet,41833
outputs/operation-sweep/with-degradation/full_100/05-robustness/aug/outage_2pct/stochastic/plans/plan_20090803T0000.parquet,41822
outputs/operation-sweep/with-degradation/full_100/05-robustness/aug/outage_2pct/stochastic/plans/plan_20090804T0000.parquet,41821
outputs/operation-sweep/with-degradation/full_100/05-robustness/aug/outage_2pct/stochastic/plans/plan_20090805T0000.parquet,41820
outputs/operation-sweep/with-degradation/full_100/05-robustness/aug/outage_2pct/stochastic/plans/plan_20090806T0000.parquet,41833
outputs/operation-sweep/with-degradation/full_100/05-robustness/aug/outage_2pct/stochastic/plans/plan_20090807T0000.parquet,41822
outputs/operation-sweep/with-degradation/full_100/05-robustness/aug/outage_2pct/stochastic/plans/plan_20090808T0000.parquet,41895
outputs/operation-sweep/with-degradation/full_100/05-robustness/aug/outage_2pct/stochastic/plans/plan_20090809T0000.parquet,41759
outputs/operation-sweep/with-degradation/full_100/05-robustness/aug/outage_2pct/stochastic/plans/plan_20090810T0000.parquet,41832
outputs/operation-sweep/with-degradation/full_100/05-robustness/aug/outage_5pct/prototype/metrics.json,2261
outputs/operation-sweep/with-degradation/full_100/05-robustness/aug/outage_5pct/prototype/operation_final.parquet,270479
outputs/operation-sweep/with-degradation/full_100/05-robustness/aug/outage_5pct/prototype/outage_calendar.json,545
outputs/operation-sweep/with-degradation/full_100/05-robustness/aug/outage_5pct/prototype/parameters_used.json,5896
outputs/operation-sweep/with-degradation/full_100/05-robustness/aug/outage_5pct/stochastic/metrics.json,2156
outputs/operation-sweep/with-degradation/full_100/05-robustness/aug/outage_5pct/stochastic/operation_final.parquet,262419
outputs/operation-sweep/with-degradation/full_100/05-robustness/aug/outage_5pct/stochastic/outage_calendar.json,545
outputs/operation-sweep/with-degradation/full_100/05-robustness/aug/outage_5pct/stochastic/parameters_used.json,5818
outputs/operation-sweep/with-degradation/full_100/05-robustness/aug/outage_5pct/stochastic/plans/plan_20090801T0000.parquet,41879
outputs/operation-sweep/with-degradation/full_100/05-robustness/aug/outage_5pct/stochastic/plans/plan_20090802T0000.parquet,41876
outputs/operation-sweep/with-degradation/full_100/05-robustness/aug/outage_5pct/stochastic/plans/plan_20090803T0000.parquet,41876
outputs/operation-sweep/with-degradation/full_100/05-robustness/aug/outage_5pct/stochastic/plans/plan_20090804T0000.parquet,41944
outputs/operation-sweep/with-degradation/full_100/05-robustness/aug/outage_5pct/stochastic/plans/plan_20090805T0000.parquet,41877
outputs/operation-sweep/with-degradation/full_100/05-robustness/aug/outage_5pct/stochastic/plans/plan_20090806T0000.parquet,41888
outputs/operation-sweep/with-degradation/full_100/05-robustness/aug/outage_5pct/stochastic/plans/plan_20090807T0000.parquet,41879
outputs/operation-sweep/with-degradation/full_100/05-robustness/aug/outage_5pct/stochastic/plans/plan_20090808T0000.parquet,41877
outputs/operation-sweep/with-degradation/full_100/05-robustness/aug/outage_5pct/stochastic/plans/plan_20090809T0000.parquet,41906
outputs/operation-sweep/with-degradation/full_100/05-robustness/aug/outage_5pct/stochastic/plans/plan_20090810T0000.parquet,41904
outputs/operation-sweep/with-degradation/full_100/05-robustness/aug/seed_44/prototype/metrics.json,2257
outputs/operation-sweep/with-degradation/full_100/05-robustness/aug/seed_44/prototype/operation_final.parquet,271918
outputs/operation-sweep/with-degradation/full_100/05-robustness/aug/seed_44/prototype/outage_calendar.json,393
outputs/operation-sweep/with-degradation/full_100/05-robustness/aug/seed_44/prototype/parameters_used.json,5897
outputs/operation-sweep/with-degradation/full_100/05-robustness/aug/seed_44/stochastic/metrics.json,2148
outputs/operation-sweep/with-degradation/full_100/05-robustness/aug/seed_44/stochastic/operation_final.parquet,262303
outputs/operation-sweep/with-degradation/full_100/05-robustness/aug/seed_44/stochastic/outage_calendar.json,393
outputs/operation-sweep/with-degradation/full_100/05-robustness/aug/seed_44/stochastic/parameters_used.json,5819
outputs/operation-sweep/with-degradation/full_100/05-robustness/aug/seed_44/stochastic/plans/plan_20090801T0000.parquet,41938
outputs/operation-sweep/with-degradation/full_100/05-robustness/aug/seed_44/stochastic/plans/plan_20090802T0000.parquet,41944
outputs/operation-sweep/with-degradation/full_100/05-robustness/aug/seed_44/stochastic/plans/plan_20090803T0000.parquet,41958
outputs/operation-sweep/with-degradation/full_100/05-robustness/aug/seed_44/stochastic/plans/plan_20090804T0000.parquet,41946
outputs/operation-sweep/with-degradation/full_100/05-robustness/aug/seed_44/stochastic/plans/plan_20090805T0000.parquet,41871
outputs/operation-sweep/with-degradation/full_100/05-robustness/aug/seed_44/stochastic/plans/plan_20090806T0000.parquet,41956
outputs/operation-sweep/with-degradation/full_100/05-robustness/aug/seed_44/stochastic/plans/plan_20090807T0000.parquet,41868
outputs/operation-sweep/with-degradation/full_100/05-robustness/aug/seed_44/stochastic/plans/plan_20090808T0000.parquet,41865
outputs/operation-sweep/with-degradation/full_100/05-robustness/aug/seed_44/stochastic/plans/plan_20090809T0000.parquet,41868
outputs/operation-sweep/with-degradation/full_100/05-robustness/aug/seed_44/stochastic/plans/plan_20090810T0000.parquet,41865
outputs/operation-sweep/with-degradation/full_100/05-robustness/aug/seed_47/prototype/metrics.json,2258
outputs/operation-sweep/with-degradation/full_100/05-robustness/aug/seed_47/prototype/operation_final.parquet,268943
outputs/operation-sweep/with-degradation/full_100/05-robustness/aug/seed_47/prototype/outage_calendar.json,394
outputs/operation-sweep/with-degradation/full_100/05-robustness/aug/seed_47/prototype/parameters_used.json,5897
outputs/operation-sweep/with-degradation/full_100/05-robustness/aug/seed_47/stochastic/metrics.json,2151
outputs/operation-sweep/with-degradation/full_100/05-robustness/aug/seed_47/stochastic/operation_final.parquet,258546
outputs/operation-sweep/with-degradation/full_100/05-robustness/aug/seed_47/stochastic/outage_calendar.json,394
outputs/operation-sweep/with-degradation/full_100/05-robustness/aug/seed_47/stochastic/parameters_used.json,5819
outputs/operation-sweep/with-degradation/full_100/05-robustness/aug/seed_47/stochastic/plans/plan_20090801T0000.parquet,41938
outputs/operation-sweep/with-degradation/full_100/05-robustness/aug/seed_47/stochastic/plans/plan_20090802T0000.parquet,41944
outputs/operation-sweep/with-degradation/full_100/05-robustness/aug/seed_47/stochastic/plans/plan_20090803T0000.parquet,41958
outputs/operation-sweep/with-degradation/full_100/05-robustness/aug/seed_47/stochastic/plans/plan_20090804T0000.parquet,41946
outputs/operation-sweep/with-degradation/full_100/05-robustness/aug/seed_47/stochastic/plans/plan_20090805T0000.parquet,41871
outputs/operation-sweep/with-degradation/full_100/05-robustness/aug/seed_47/stochastic/plans/plan_20090806T0000.parquet,41956
outputs/operation-sweep/with-degradation/full_100/05-robustness/aug/seed_47/stochastic/plans/plan_20090807T0000.parquet,41946
outputs/operation-sweep/with-degradation/full_100/05-robustness/aug/seed_47/stochastic/plans/plan_20090808T0000.parquet,41948
outputs/operation-sweep/with-degradation/full_100/05-robustness/aug/seed_47/stochastic/plans/plan_20090809T0000.parquet,41949
outputs/operation-sweep/with-degradation/full_100/05-robustness/aug/seed_47/stochastic/plans/plan_20090810T0000.parquet,41945
outputs/operation-sweep/with-degradation/full_100/05-robustness/feb/base/prototype/metrics.json,2269
outputs/operation-sweep/with-degradation/full_100/05-robustness/feb/base/prototype/operation_final.parquet,324181
outputs/operation-sweep/with-degradation/full_100/05-robustness/feb/base/prototype/outage_calendar.json,240
outputs/operation-sweep/with-degradation/full_100/05-robustness/feb/base/prototype/parameters_used.json,5897
outputs/operation-sweep/with-degradation/full_100/05-robustness/feb/base/stochastic/metrics.json,2143
outputs/operation-sweep/with-degradation/full_100/05-robustness/feb/base/stochastic/operation_final.parquet,296966
outputs/operation-sweep/with-degradation/full_100/05-robustness/feb/base/stochastic/outage_calendar.json,240
outputs/operation-sweep/with-degradation/full_100/05-robustness/feb/base/stochastic/parameters_used.json,5819
outputs/operation-sweep/with-degradation/full_100/05-robustness/feb/base/stochastic/plans/plan_20100201T0000.parquet,41938
outputs/operation-sweep/with-degradation/full_100/05-robustness/feb/base/stochastic/plans/plan_20100202T0000.parquet,41943
outputs/operation-sweep/with-degradation/full_100/05-robustness/feb/base/stochastic/plans/plan_20100203T0000.parquet,41954
outputs/operation-sweep/with-degradation/full_100/05-robustness/feb/base/stochastic/plans/plan_20100204T0000.parquet,41944
outputs/operation-sweep/with-degradation/full_100/05-robustness/feb/base/stochastic/plans/plan_20100205T0000.parquet,41870
outputs/operation-sweep/with-degradation/full_100/05-robustness/feb/base/stochastic/plans/plan_20100206T0000.parquet,41955
outputs/operation-sweep/with-degradation/full_100/05-robustness/feb/base/stochastic/plans/plan_20100207T0000.parquet,41943
outputs/operation-sweep/with-degradation/full_100/05-robustness/feb/base/stochastic/plans/plan_20100208T0000.parquet,41944
outputs/operation-sweep/with-degradation/full_100/05-robustness/feb/base/stochastic/plans/plan_20100209T0000.parquet,41946
outputs/operation-sweep/with-degradation/full_100/05-robustness/feb/base/stochastic/plans/plan_20100210T0000.parquet,41942
outputs/operation-sweep/with-degradation/full_100/05-robustness/feb/noise_005/prototype/metrics.json,2271
outputs/operation-sweep/with-degradation/full_100/05-robustness/feb/noise_005/prototype/operation_final.parquet,502357
outputs/operation-sweep/with-degradation/full_100/05-robustness/feb/noise_005/prototype/outage_calendar.json,240
outputs/operation-sweep/with-degradation/full_100/05-robustness/feb/noise_005/prototype/parameters_used.json,5896
outputs/operation-sweep/with-degradation/full_100/05-robustness/feb/noise_005/stochastic/metrics.json,2167
outputs/operation-sweep/with-degradation/full_100/05-robustness/feb/noise_005/stochastic/operation_final.parquet,458390
outputs/operation-sweep/with-degradation/full_100/05-robustness/feb/noise_005/stochastic/outage_calendar.json,240
outputs/operation-sweep/with-degradation/full_100/05-robustness/feb/noise_005/stochastic/parameters_used.json,5818
outputs/operation-sweep/with-degradation/full_100/05-robustness/feb/noise_005/stochastic/plans/plan_20100201T0000.parquet,41938
outputs/operation-sweep/with-degradation/full_100/05-robustness/feb/noise_005/stochastic/plans/plan_20100202T0000.parquet,41941
outputs/operation-sweep/with-degradation/full_100/05-robustness/feb/noise_005/stochastic/plans/plan_20100203T0000.parquet,41862
outputs/operation-sweep/with-degradation/full_100/05-robustness/feb/noise_005/stochastic/plans/plan_20100204T0000.parquet,41955
outputs/operation-sweep/with-degradation/full_100/05-robustness/feb/noise_005/stochastic/plans/plan_20100205T0000.parquet,41955
outputs/operation-sweep/with-degradation/full_100/05-robustness/feb/noise_005/stochastic/plans/plan_20100206T0000.parquet,41863
outputs/operation-sweep/with-degradation/full_100/05-robustness/feb/noise_005/stochastic/plans/plan_20100207T0000.parquet,41884
outputs/operation-sweep/with-degradation/full_100/05-robustness/feb/noise_005/stochastic/plans/plan_20100208T0000.parquet,41868
outputs/operation-sweep/with-degradation/full_100/05-robustness/feb/noise_005/stochastic/plans/plan_20100209T0000.parquet,41942
outputs/operation-sweep/with-degradation/full_100/05-robustness/feb/noise_005/stochastic/plans/plan_20100210T0000.parquet,41859
outputs/operation-sweep/with-degradation/full_100/05-robustness/feb/noise_010/prototype/metrics.json,2271
outputs/operation-sweep/with-degradation/full_100/05-robustness/feb/noise_010/prototype/operation_final.parquet,500644
outputs/operation-sweep/with-degradation/full_100/05-robustness/feb/noise_010/prototype/outage_calendar.json,240
outputs/operation-sweep/with-degradation/full_100/05-robustness/feb/noise_010/prototype/parameters_used.json,5895
outputs/operation-sweep/with-degradation/full_100/05-robustness/feb/noise_010/stochastic/metrics.json,2162
outputs/operation-sweep/with-degradation/full_100/05-robustness/feb/noise_010/stochastic/operation_final.parquet,458250
outputs/operation-sweep/with-degradation/full_100/05-robustness/feb/noise_010/stochastic/outage_calendar.json,240
outputs/operation-sweep/with-degradation/full_100/05-robustness/feb/noise_010/stochastic/parameters_used.json,5817
outputs/operation-sweep/with-degradation/full_100/05-robustness/feb/noise_010/stochastic/plans/plan_20100201T0000.parquet,41938
outputs/operation-sweep/with-degradation/full_100/05-robustness/feb/noise_010/stochastic/plans/plan_20100202T0000.parquet,41941
outputs/operation-sweep/with-degradation/full_100/05-robustness/feb/noise_010/stochastic/plans/plan_20100203T0000.parquet,42011
outputs/operation-sweep/with-degradation/full_100/05-robustness/feb/noise_010/stochastic/plans/plan_20100204T0000.parquet,41860
outputs/operation-sweep/with-degradation/full_100/05-robustness/feb/noise_010/stochastic/plans/plan_20100205T0000.parquet,41944
outputs/operation-sweep/with-degradation/full_100/05-robustness/feb/noise_010/stochastic/plans/plan_20100206T0000.parquet,41939
outputs/operation-sweep/with-degradation/full_100/05-robustness/feb/noise_010/stochastic/plans/plan_20100207T0000.parquet,41864
outputs/operation-sweep/with-degradation/full_100/05-robustness/feb/noise_010/stochastic/plans/plan_20100208T0000.parquet,41944
outputs/operation-sweep/with-degradation/full_100/05-robustness/feb/noise_010/stochastic/plans/plan_20100209T0000.parquet,41945
outputs/operation-sweep/with-degradation/full_100/05-robustness/feb/noise_010/stochastic/plans/plan_20100210T0000.parquet,41946
outputs/operation-sweep/with-degradation/full_100/05-robustness/feb/outage_2pct/prototype/metrics.json,2270
outputs/operation-sweep/with-degradation/full_100/05-robustness/feb/outage_2pct/prototype/operation_final.parquet,326969
outputs/operation-sweep/with-degradation/full_100/05-robustness/feb/outage_2pct/prototype/outage_calendar.json,241
outputs/operation-sweep/with-degradation/full_100/05-robustness/feb/outage_2pct/prototype/parameters_used.json,5896
outputs/operation-sweep/with-degradation/full_100/05-robustness/feb/outage_2pct/stochastic/metrics.json,2148
outputs/operation-sweep/with-degradation/full_100/05-robustness/feb/outage_2pct/stochastic/operation_final.parquet,293536
outputs/operation-sweep/with-degradation/full_100/05-robustness/feb/outage_2pct/stochastic/outage_calendar.json,241
outputs/operation-sweep/with-degradation/full_100/05-robustness/feb/outage_2pct/stochastic/parameters_used.json,5818
outputs/operation-sweep/with-degradation/full_100/05-robustness/feb/outage_2pct/stochastic/plans/plan_20100201T0000.parquet,41832
outputs/operation-sweep/with-degradation/full_100/05-robustness/feb/outage_2pct/stochastic/plans/plan_20100202T0000.parquet,41832
outputs/operation-sweep/with-degradation/full_100/05-robustness/feb/outage_2pct/stochastic/plans/plan_20100203T0000.parquet,41818
outputs/operation-sweep/with-degradation/full_100/05-robustness/feb/outage_2pct/stochastic/plans/plan_20100204T0000.parquet,41819
outputs/operation-sweep/with-degradation/full_100/05-robustness/feb/outage_2pct/stochastic/plans/plan_20100205T0000.parquet,41819
outputs/operation-sweep/with-degradation/full_100/05-robustness/feb/outage_2pct/stochastic/plans/plan_20100206T0000.parquet,41832
outputs/operation-sweep/with-degradation/full_100/05-robustness/feb/outage_2pct/stochastic/plans/plan_20100207T0000.parquet,41832
outputs/operation-sweep/with-degradation/full_100/05-robustness/feb/outage_2pct/stochastic/plans/plan_20100208T0000.parquet,41819
outputs/operation-sweep/with-degradation/full_100/05-robustness/feb/outage_2pct/stochastic/plans/plan_20100209T0000.parquet,41819
outputs/operation-sweep/with-degradation/full_100/05-robustness/feb/outage_2pct/stochastic/plans/plan_20100210T0000.parquet,41819
outputs/operation-sweep/with-degradation/full_100/05-robustness/feb/outage_5pct/prototype/metrics.json,2268
outputs/operation-sweep/with-degradation/full_100/05-robustness/feb/outage_5pct/prototype/operation_final.parquet,326926
outputs/operation-sweep/with-degradation/full_100/05-robustness/feb/outage_5pct/prototype/outage_calendar.json,241
outputs/operation-sweep/with-degradation/full_100/05-robustness/feb/outage_5pct/prototype/parameters_used.json,5896
outputs/operation-sweep/with-degradation/full_100/05-robustness/feb/outage_5pct/stochastic/metrics.json,2149
outputs/operation-sweep/with-degradation/full_100/05-robustness/feb/outage_5pct/stochastic/operation_final.parquet,297614
outputs/operation-sweep/with-degradation/full_100/05-robustness/feb/outage_5pct/stochastic/outage_calendar.json,241
outputs/operation-sweep/with-degradation/full_100/05-robustness/feb/outage_5pct/stochastic/parameters_used.json,5818
outputs/operation-sweep/with-degradation/full_100/05-robustness/feb/outage_5pct/stochastic/plans/plan_20100201T0000.parquet,41879
outputs/operation-sweep/with-degradation/full_100/05-robustness/feb/outage_5pct/stochastic/plans/plan_20100202T0000.parquet,41875
outputs/operation-sweep/with-degradation/full_100/05-robustness/feb/outage_5pct/stochastic/plans/plan_20100203T0000.parquet,41872
outputs/operation-sweep/with-degradation/full_100/05-robustness/feb/outage_5pct/stochastic/plans/plan_20100204T0000.parquet,41945
outputs/operation-sweep/with-degradation/full_100/05-robustness/feb/outage_5pct/stochastic/plans/plan_20100205T0000.parquet,41873
outputs/operation-sweep/with-degradation/full_100/05-robustness/feb/outage_5pct/stochastic/plans/plan_20100206T0000.parquet,41887
outputs/operation-sweep/with-degradation/full_100/05-robustness/feb/outage_5pct/stochastic/plans/plan_20100207T0000.parquet,41882
outputs/operation-sweep/with-degradation/full_100/05-robustness/feb/outage_5pct/stochastic/plans/plan_20100208T0000.parquet,41876
outputs/operation-sweep/with-degradation/full_100/05-robustness/feb/outage_5pct/stochastic/plans/plan_20100209T0000.parquet,41873
outputs/operation-sweep/with-degradation/full_100/05-robustness/feb/outage_5pct/stochastic/plans/plan_20100210T0000.parquet,41800
outputs/operation-sweep/with-degradation/full_100/05-robustness/feb/seed_44/prototype/metrics.json,2273
outputs/operation-sweep/with-degradation/full_100/05-robustness/feb/seed_44/prototype/operation_final.parquet,329862
outputs/operation-sweep/with-degradation/full_100/05-robustness/feb/seed_44/prototype/outage_calendar.json,393
outputs/operation-sweep/with-degradation/full_100/05-robustness/feb/seed_44/prototype/parameters_used.json,5897
outputs/operation-sweep/with-degradation/full_100/05-robustness/feb/seed_44/stochastic/metrics.json,2145
outputs/operation-sweep/with-degradation/full_100/05-robustness/feb/seed_44/stochastic/operation_final.parquet,305287
outputs/operation-sweep/with-degradation/full_100/05-robustness/feb/seed_44/stochastic/outage_calendar.json,393
outputs/operation-sweep/with-degradation/full_100/05-robustness/feb/seed_44/stochastic/parameters_used.json,5819
outputs/operation-sweep/with-degradation/full_100/05-robustness/feb/seed_44/stochastic/plans/plan_20100201T0000.parquet,41938
outputs/operation-sweep/with-degradation/full_100/05-robustness/feb/seed_44/stochastic/plans/plan_20100202T0000.parquet,41943
outputs/operation-sweep/with-degradation/full_100/05-robustness/feb/seed_44/stochastic/plans/plan_20100203T0000.parquet,41954
outputs/operation-sweep/with-degradation/full_100/05-robustness/feb/seed_44/stochastic/plans/plan_20100204T0000.parquet,41944
outputs/operation-sweep/with-degradation/full_100/05-robustness/feb/seed_44/stochastic/plans/plan_20100205T0000.parquet,41870
outputs/operation-sweep/with-degradation/full_100/05-robustness/feb/seed_44/stochastic/plans/plan_20100206T0000.parquet,41955
outputs/operation-sweep/with-degradation/full_100/05-robustness/feb/seed_44/stochastic/plans/plan_20100207T0000.parquet,41942
outputs/operation-sweep/with-degradation/full_100/05-robustness/feb/seed_44/stochastic/plans/plan_20100208T0000.parquet,41945
outputs/operation-sweep/with-degradation/full_100/05-robustness/feb/seed_44/stochastic/plans/plan_20100209T0000.parquet,41946
outputs/operation-sweep/with-degradation/full_100/05-robustness/feb/seed_44/stochastic/plans/plan_20100210T0000.parquet,41943
outputs/operation-sweep/with-degradation/full_100/05-robustness/feb/seed_47/prototype/metrics.json,2271
outputs/operation-sweep/with-degradation/full_100/05-robustness/feb/seed_47/prototype/operation_final.parquet,325973
outputs/operation-sweep/with-degradation/full_100/05-robustness/feb/seed_47/prototype/outage_calendar.json,394
outputs/operation-sweep/with-degradation/full_100/05-robustness/feb/seed_47/prototype/parameters_used.json,5897
outputs/operation-sweep/with-degradation/full_100/05-robustness/feb/seed_47/stochastic/metrics.json,2148
outputs/operation-sweep/with-degradation/full_100/05-robustness/feb/seed_47/stochastic/operation_final.parquet,301631
outputs/operation-sweep/with-degradation/full_100/05-robustness/feb/seed_47/stochastic/outage_calendar.json,394
outputs/operation-sweep/with-degradation/full_100/05-robustness/feb/seed_47/stochastic/parameters_used.json,5819
outputs/operation-sweep/with-degradation/full_100/05-robustness/feb/seed_47/stochastic/plans/plan_20100201T0000.parquet,41938
outputs/operation-sweep/with-degradation/full_100/05-robustness/feb/seed_47/stochastic/plans/plan_20100202T0000.parquet,41943
outputs/operation-sweep/with-degradation/full_100/05-robustness/feb/seed_47/stochastic/plans/plan_20100203T0000.parquet,41954
outputs/operation-sweep/with-degradation/full_100/05-robustness/feb/seed_47/stochastic/plans/plan_20100204T0000.parquet,41944
outputs/operation-sweep/with-degradation/full_100/05-robustness/feb/seed_47/stochastic/plans/plan_20100205T0000.parquet,41870
outputs/operation-sweep/with-degradation/full_100/05-robustness/feb/seed_47/stochastic/plans/plan_20100206T0000.parquet,41955
outputs/operation-sweep/with-degradation/full_100/05-robustness/feb/seed_47/stochastic/plans/plan_20100207T0000.parquet,41943
outputs/operation-sweep/with-degradation/full_100/05-robustness/feb/seed_47/stochastic/plans/plan_20100208T0000.parquet,41878
outputs/operation-sweep/with-degradation/full_100/05-robustness/feb/seed_47/stochastic/plans/plan_20100209T0000.parquet,41940
outputs/operation-sweep/with-degradation/full_100/05-robustness/feb/seed_47/stochastic/plans/plan_20100210T0000.parquet,41938
outputs/operation-sweep/with-degradation/full_100/05-robustness/may/base/prototype/metrics.json,2265
outputs/operation-sweep/with-degradation/full_100/05-robustness/may/base/prototype/operation_final.parquet,302352
outputs/operation-sweep/with-degradation/full_100/05-robustness/may/base/prototype/outage_calendar.json,542
outputs/operation-sweep/with-degradation/full_100/05-robustness/may/base/prototype/parameters_used.json,5897
outputs/operation-sweep/with-degradation/full_100/05-robustness/may/base/stochastic/metrics.json,2142
outputs/operation-sweep/with-degradation/full_100/05-robustness/may/base/stochastic/operation_final.parquet,287300
outputs/operation-sweep/with-degradation/full_100/05-robustness/may/base/stochastic/outage_calendar.json,542
outputs/operation-sweep/with-degradation/full_100/05-robustness/may/base/stochastic/parameters_used.json,5819
outputs/operation-sweep/with-degradation/full_100/05-robustness/may/base/stochastic/plans/plan_20090501T0000.parquet,41938
outputs/operation-sweep/with-degradation/full_100/05-robustness/may/base/stochastic/plans/plan_20090502T0000.parquet,41943
outputs/operation-sweep/with-degradation/full_100/05-robustness/may/base/stochastic/plans/plan_20090503T0000.parquet,42016
outputs/operation-sweep/with-degradation/full_100/05-robustness/may/base/stochastic/plans/plan_20090504T0000.parquet,41938
outputs/operation-sweep/with-degradation/full_100/05-robustness/may/base/stochastic/plans/plan_20090505T0000.parquet,41946
outputs/operation-sweep/with-degradation/full_100/05-robustness/may/base/stochastic/plans/plan_20090506T0000.parquet,41884
outputs/operation-sweep/with-degradation/full_100/05-robustness/may/base/stochastic/plans/plan_20090507T0000.parquet,41946
outputs/operation-sweep/with-degradation/full_100/05-robustness/may/base/stochastic/plans/plan_20090508T0000.parquet,41944
outputs/operation-sweep/with-degradation/full_100/05-robustness/may/base/stochastic/plans/plan_20090509T0000.parquet,42014
outputs/operation-sweep/with-degradation/full_100/05-robustness/may/base/stochastic/plans/plan_20090510T0000.parquet,41944
outputs/operation-sweep/with-degradation/full_100/05-robustness/may/noise_005/prototype/metrics.json,2272
outputs/operation-sweep/with-degradation/full_100/05-robustness/may/noise_005/prototype/operation_final.parquet,485850
outputs/operation-sweep/with-degradation/full_100/05-robustness/may/noise_005/prototype/outage_calendar.json,542
outputs/operation-sweep/with-degradation/full_100/05-robustness/may/noise_005/prototype/parameters_used.json,5896
outputs/operation-sweep/with-degradation/full_100/05-robustness/may/noise_005/stochastic/metrics.json,2164
outputs/operation-sweep/with-degradation/full_100/05-robustness/may/noise_005/stochastic/operation_final.parquet,445918
outputs/operation-sweep/with-degradation/full_100/05-robustness/may/noise_005/stochastic/outage_calendar.json,542
outputs/operation-sweep/with-degradation/full_100/05-robustness/may/noise_005/stochastic/parameters_used.json,5818
outputs/operation-sweep/with-degradation/full_100/05-robustness/may/noise_005/stochastic/plans/plan_20090501T0000.parquet,41938
outputs/operation-sweep/with-degradation/full_100/05-robustness/may/noise_005/stochastic/plans/plan_20090502T0000.parquet,41941
outputs/operation-sweep/with-degradation/full_100/05-robustness/may/noise_005/stochastic/plans/plan_20090503T0000.parquet,41949
outputs/operation-sweep/with-degradation/full_100/05-robustness/may/noise_005/stochastic/plans/plan_20090504T0000.parquet,41867
outputs/operation-sweep/with-degradation/full_100/05-robustness/may/noise_005/stochastic/plans/plan_20090505T0000.parquet,41940
outputs/operation-sweep/with-degradation/full_100/05-robustness/may/noise_005/stochastic/plans/plan_20090506T0000.parquet,41945
outputs/operation-sweep/with-degradation/full_100/05-robustness/may/noise_005/stochastic/plans/plan_20090507T0000.parquet,41924
outputs/operation-sweep/with-degradation/full_100/05-robustness/may/noise_005/stochastic/plans/plan_20090508T0000.parquet,41943
outputs/operation-sweep/with-degradation/full_100/05-robustness/may/noise_005/stochastic/plans/plan_20090509T0000.parquet,41885
outputs/operation-sweep/with-degradation/full_100/05-robustness/may/noise_005/stochastic/plans/plan_20090510T0000.parquet,41860
outputs/operation-sweep/with-degradation/full_100/05-robustness/may/noise_010/prototype/metrics.json,2266
outputs/operation-sweep/with-degradation/full_100/05-robustness/may/noise_010/prototype/operation_final.parquet,484778
outputs/operation-sweep/with-degradation/full_100/05-robustness/may/noise_010/prototype/outage_calendar.json,542
outputs/operation-sweep/with-degradation/full_100/05-robustness/may/noise_010/prototype/parameters_used.json,5895
outputs/operation-sweep/with-degradation/full_100/05-robustness/may/noise_010/stochastic/metrics.json,2164
outputs/operation-sweep/with-degradation/full_100/05-robustness/may/noise_010/stochastic/operation_final.parquet,445845
outputs/operation-sweep/with-degradation/full_100/05-robustness/may/noise_010/stochastic/outage_calendar.json,542
outputs/operation-sweep/with-degradation/full_100/05-robustness/may/noise_010/stochastic/parameters_used.json,5817
outputs/operation-sweep/with-degradation/full_100/05-robustness/may/noise_010/stochastic/plans/plan_20090501T0000.parquet,41938
outputs/operation-sweep/with-degradation/full_100/05-robustness/may/noise_010/stochastic/plans/plan_20090502T0000.parquet,41938
outputs/operation-sweep/with-degradation/full_100/05-robustness/may/noise_010/stochastic/plans/plan_20090503T0000.parquet,42016
outputs/operation-sweep/with-degradation/full_100/05-robustness/may/noise_010/stochastic/plans/plan_20090504T0000.parquet,41945
outputs/operation-sweep/with-degradation/full_100/05-robustness/may/noise_010/stochastic/plans/plan_20090505T0000.parquet,41939
outputs/operation-sweep/with-degradation/full_100/05-robustness/may/noise_010/stochastic/plans/plan_20090506T0000.parquet,41861
outputs/operation-sweep/with-degradation/full_100/05-robustness/may/noise_010/stochastic/plans/plan_20090507T0000.parquet,41886
outputs/operation-sweep/with-degradation/full_100/05-robustness/may/noise_010/stochastic/plans/plan_20090508T0000.parquet,41868
outputs/operation-sweep/with-degradation/full_100/05-robustness/may/noise_010/stochastic/plans/plan_20090509T0000.parquet,41946
outputs/operation-sweep/with-degradation/full_100/05-robustness/may/noise_010/stochastic/plans/plan_20090510T0000.parquet,41853
outputs/operation-sweep/with-degradation/full_100/05-robustness/may/outage_2pct/prototype/metrics.json,2272
outputs/operation-sweep/with-degradation/full_100/05-robustness/may/outage_2pct/prototype/operation_final.parquet,300650
outputs/operation-sweep/with-degradation/full_100/05-robustness/may/outage_2pct/prototype/outage_calendar.json,241
outputs/operation-sweep/with-degradation/full_100/05-robustness/may/outage_2pct/prototype/parameters_used.json,5896
outputs/operation-sweep/with-degradation/full_100/05-robustness/may/outage_2pct/stochastic/metrics.json,2150
outputs/operation-sweep/with-degradation/full_100/05-robustness/may/outage_2pct/stochastic/operation_final.parquet,273377
outputs/operation-sweep/with-degradation/full_100/05-robustness/may/outage_2pct/stochastic/outage_calendar.json,241
outputs/operation-sweep/with-degradation/full_100/05-robustness/may/outage_2pct/stochastic/parameters_used.json,5818
outputs/operation-sweep/with-degradation/full_100/05-robustness/may/outage_2pct/stochastic/plans/plan_20090501T0000.parquet,41832
outputs/operation-sweep/with-degradation/full_100/05-robustness/may/outage_2pct/stochastic/plans/plan_20090502T0000.parquet,41832
outputs/operation-sweep/with-degradation/full_100/05-robustness/may/outage_2pct/stochastic/plans/plan_20090503T0000.parquet,41822
outputs/operation-sweep/with-degradation/full_100/05-robustness/may/outage_2pct/stochastic/plans/plan_20090504T0000.parquet,41820
outputs/operation-sweep/with-degradation/full_100/05-robustness/may/outage_2pct/stochastic/plans/plan_20090505T0000.parquet,41819
outputs/operation-sweep/with-degradation/full_100/05-robustness/may/outage_2pct/stochastic/plans/plan_20090506T0000.parquet,41833
outputs/operation-sweep/with-degradation/full_100/05-robustness/may/outage_2pct/stochastic/plans/plan_20090507T0000.parquet,41835
outputs/operation-sweep/with-degradation/full_100/05-robustness/may/outage_2pct/stochastic/plans/plan_20090508T0000.parquet,41820
outputs/operation-sweep/with-degradation/full_100/05-robustness/may/outage_2pct/stochastic/plans/plan_20090509T0000.parquet,41821
outputs/operation-sweep/with-degradation/full_100/05-robustness/may/outage_2pct/stochastic/plans/plan_20090510T0000.parquet,41819
outputs/operation-sweep/with-degradation/full_100/05-robustness/may/outage_5pct/prototype/metrics.json,2270
outputs/operation-sweep/with-degradation/full_100/05-robustness/may/outage_5pct/prototype/operation_final.parquet,303253
outputs/operation-sweep/with-degradation/full_100/05-robustness/may/outage_5pct/prototype/outage_calendar.json,543
outputs/operation-sweep/with-degradation/full_100/05-robustness/may/outage_5pct/prototype/parameters_used.json,5896
outputs/operation-sweep/with-degradation/full_100/05-robustness/may/outage_5pct/stochastic/metrics.json,2145
outputs/operation-sweep/with-degradation/full_100/05-robustness/may/outage_5pct/stochastic/operation_final.parquet,285087
outputs/operation-sweep/with-degradation/full_100/05-robustness/may/outage_5pct/stochastic/outage_calendar.json,543
outputs/operation-sweep/with-degradation/full_100/05-robustness/may/outage_5pct/stochastic/parameters_used.json,5818
outputs/operation-sweep/with-degradation/full_100/05-robustness/may/outage_5pct/stochastic/plans/plan_20090501T0000.parquet,41879
outputs/operation-sweep/with-degradation/full_100/05-robustness/may/outage_5pct/stochastic/plans/plan_20090502T0000.parquet,41875
outputs/operation-sweep/with-degradation/full_100/05-robustness/may/outage_5pct/stochastic/plans/plan_20090503T0000.parquet,41837
outputs/operation-sweep/with-degradation/full_100/05-robustness/may/outage_5pct/stochastic/plans/plan_20090504T0000.parquet,41835
outputs/operation-sweep/with-degradation/full_100/05-robustness/may/outage_5pct/stochastic/plans/plan_20090505T0000.parquet,41835
outputs/operation-sweep/with-degradation/full_100/05-robustness/may/outage_5pct/stochastic/plans/plan_20090506T0000.parquet,41966
outputs/operation-sweep/with-degradation/full_100/05-robustness/may/outage_5pct/stochastic/plans/plan_20090507T0000.parquet,41909
outputs/operation-sweep/with-degradation/full_100/05-robustness/may/outage_5pct/stochastic/plans/plan_20090508T0000.parquet,41874
outputs/operation-sweep/with-degradation/full_100/05-robustness/may/outage_5pct/stochastic/plans/plan_20090509T0000.parquet,41897
outputs/operation-sweep/with-degradation/full_100/05-robustness/may/outage_5pct/stochastic/plans/plan_20090510T0000.parquet,41873
outputs/operation-sweep/with-degradation/full_100/05-robustness/may/seed_44/prototype/metrics.json,2272
outputs/operation-sweep/with-degradation/full_100/05-robustness/may/seed_44/prototype/operation_final.parquet,304120
outputs/operation-sweep/with-degradation/full_100/05-robustness/may/seed_44/prototype/outage_calendar.json,393
outputs/operation-sweep/with-degradation/full_100/05-robustness/may/seed_44/prototype/parameters_used.json,5897
outputs/operation-sweep/with-degradation/full_100/05-robustness/may/seed_44/stochastic/metrics.json,2143
outputs/operation-sweep/with-degradation/full_100/05-robustness/may/seed_44/stochastic/operation_final.parquet,287356
outputs/operation-sweep/with-degradation/full_100/05-robustness/may/seed_44/stochastic/outage_calendar.json,393
outputs/operation-sweep/with-degradation/full_100/05-robustness/may/seed_44/stochastic/parameters_used.json,5819
outputs/operation-sweep/with-degradation/full_100/05-robustness/may/seed_44/stochastic/plans/plan_20090501T0000.parquet,41938
outputs/operation-sweep/with-degradation/full_100/05-robustness/may/seed_44/stochastic/plans/plan_20090502T0000.parquet,41943
outputs/operation-sweep/with-degradation/full_100/05-robustness/may/seed_44/stochastic/plans/plan_20090503T0000.parquet,41958
outputs/operation-sweep/with-degradation/full_100/05-robustness/may/seed_44/stochastic/plans/plan_20090504T0000.parquet,41945
outputs/operation-sweep/with-degradation/full_100/05-robustness/may/seed_44/stochastic/plans/plan_20090505T0000.parquet,41870
outputs/operation-sweep/with-degradation/full_100/05-robustness/may/seed_44/stochastic/plans/plan_20090506T0000.parquet,41956
outputs/operation-sweep/with-degradation/full_100/05-robustness/may/seed_44/stochastic/plans/plan_20090507T0000.parquet,42010
outputs/operation-sweep/with-degradation/full_100/05-robustness/may/seed_44/stochastic/plans/plan_20090508T0000.parquet,41938
outputs/operation-sweep/with-degradation/full_100/05-robustness/may/seed_44/stochastic/plans/plan_20090509T0000.parquet,41865
outputs/operation-sweep/with-degradation/full_100/05-robustness/may/seed_44/stochastic/plans/plan_20090510T0000.parquet,41936
outputs/operation-sweep/with-degradation/full_100/05-robustness/may/seed_47/prototype/metrics.json,2269
outputs/operation-sweep/with-degradation/full_100/05-robustness/may/seed_47/prototype/operation_final.parquet,300235
outputs/operation-sweep/with-degradation/full_100/05-robustness/may/seed_47/prototype/outage_calendar.json,394
outputs/operation-sweep/with-degradation/full_100/05-robustness/may/seed_47/prototype/parameters_used.json,5897
outputs/operation-sweep/with-degradation/full_100/05-robustness/may/seed_47/stochastic/metrics.json,2147
outputs/operation-sweep/with-degradation/full_100/05-robustness/may/seed_47/stochastic/operation_final.parquet,283422
outputs/operation-sweep/with-degradation/full_100/05-robustness/may/seed_47/stochastic/outage_calendar.json,394
outputs/operation-sweep/with-degradation/full_100/05-robustness/may/seed_47/stochastic/parameters_used.json,5819
outputs/operation-sweep/with-degradation/full_100/05-robustness/may/seed_47/stochastic/plans/plan_20090501T0000.parquet,41938
outputs/operation-sweep/with-degradation/full_100/05-robustness/may/seed_47/stochastic/plans/plan_20090502T0000.parquet,41943
outputs/operation-sweep/with-degradation/full_100/05-robustness/may/seed_47/stochastic/plans/plan_20090503T0000.parquet,41958
outputs/operation-sweep/with-degradation/full_100/05-robustness/may/seed_47/stochastic/plans/plan_20090504T0000.parquet,41945
outputs/operation-sweep/with-degradation/full_100/05-robustness/may/seed_47/stochastic/plans/plan_20090505T0000.parquet,41870
outputs/operation-sweep/with-degradation/full_100/05-robustness/may/seed_47/stochastic/plans/plan_20090506T0000.parquet,41956
outputs/operation-sweep/with-degradation/full_100/05-robustness/may/seed_47/stochastic/plans/plan_20090507T0000.parquet,41946
outputs/operation-sweep/with-degradation/full_100/05-robustness/may/seed_47/stochastic/plans/plan_20090508T0000.parquet,41945
outputs/operation-sweep/with-degradation/full_100/05-robustness/may/seed_47/stochastic/plans/plan_20090509T0000.parquet,41947
outputs/operation-sweep/with-degradation/full_100/05-robustness/may/seed_47/stochastic/plans/plan_20090510T0000.parquet,41944
outputs/operation-sweep/with-degradation/full_100/05-robustness/nov/base/prototype/metrics.json,2266
outputs/operation-sweep/with-degradation/full_100/05-robustness/nov/base/prototype/operation_final.parquet,316372
outputs/operation-sweep/with-degradation/full_100/05-robustness/nov/base/prototype/outage_calendar.json,240
outputs/operation-sweep/with-degradation/full_100/05-robustness/nov/base/prototype/parameters_used.json,5897
outputs/operation-sweep/with-degradation/full_100/05-robustness/nov/base/stochastic/metrics.json,2143
outputs/operation-sweep/with-degradation/full_100/05-robustness/nov/base/stochastic/operation_final.parquet,287221
outputs/operation-sweep/with-degradation/full_100/05-robustness/nov/base/stochastic/outage_calendar.json,240
outputs/operation-sweep/with-degradation/full_100/05-robustness/nov/base/stochastic/parameters_used.json,5819
outputs/operation-sweep/with-degradation/full_100/05-robustness/nov/base/stochastic/plans/plan_20091101T0000.parquet,41938
outputs/operation-sweep/with-degradation/full_100/05-robustness/nov/base/stochastic/plans/plan_20091102T0000.parquet,41943
outputs/operation-sweep/with-degradation/full_100/05-robustness/nov/base/stochastic/plans/plan_20091103T0000.parquet,41958
outputs/operation-sweep/with-degradation/full_100/05-robustness/nov/base/stochastic/plans/plan_20091104T0000.parquet,41945
outputs/operation-sweep/with-degradation/full_100/05-robustness/nov/base/stochastic/plans/plan_20091105T0000.parquet,41870
outputs/operation-sweep/with-degradation/full_100/05-robustness/nov/base/stochastic/plans/plan_20091106T0000.parquet,41955
outputs/operation-sweep/with-degradation/full_100/05-robustness/nov/base/stochastic/plans/plan_20091107T0000.parquet,41946
outputs/operation-sweep/with-degradation/full_100/05-robustness/nov/base/stochastic/plans/plan_20091108T0000.parquet,41944
outputs/operation-sweep/with-degradation/full_100/05-robustness/nov/base/stochastic/plans/plan_20091109T0000.parquet,41948
outputs/operation-sweep/with-degradation/full_100/05-robustness/nov/base/stochastic/plans/plan_20091110T0000.parquet,41942
outputs/operation-sweep/with-degradation/full_100/05-robustness/nov/noise_005/prototype/metrics.json,2266
outputs/operation-sweep/with-degradation/full_100/05-robustness/nov/noise_005/prototype/operation_final.parquet,500188
outputs/operation-sweep/with-degradation/full_100/05-robustness/nov/noise_005/prototype/outage_calendar.json,240
outputs/operation-sweep/with-degradation/full_100/05-robustness/nov/noise_005/prototype/parameters_used.json,5896
outputs/operation-sweep/with-degradation/full_100/05-robustness/nov/noise_005/stochastic/metrics.json,2167
outputs/operation-sweep/with-degradation/full_100/05-robustness/nov/noise_005/stochastic/operation_final.parquet,450772
outputs/operation-sweep/with-degradation/full_100/05-robustness/nov/noise_005/stochastic/outage_calendar.json,240
outputs/operation-sweep/with-degradation/full_100/05-robustness/nov/noise_005/stochastic/parameters_used.json,5818
outputs/operation-sweep/with-degradation/full_100/05-robustness/nov/noise_005/stochastic/plans/plan_20091101T0000.parquet,41938
outputs/operation-sweep/with-degradation/full_100/05-robustness/nov/noise_005/stochastic/plans/plan_20091102T0000.parquet,41941
outputs/operation-sweep/with-degradation/full_100/05-robustness/nov/noise_005/stochastic/plans/plan_20091103T0000.parquet,41869
outputs/operation-sweep/with-degradation/full_100/05-robustness/nov/noise_005/stochastic/plans/plan_20091104T0000.parquet,41956
outputs/operation-sweep/with-degradation/full_100/05-robustness/nov/noise_005/stochastic/plans/plan_20091105T0000.parquet,41955
outputs/operation-sweep/with-degradation/full_100/05-robustness/nov/noise_005/stochastic/plans/plan_20091106T0000.parquet,41863
outputs/operation-sweep/with-degradation/full_100/05-robustness/nov/noise_005/stochastic/plans/plan_20091107T0000.parquet,41887
outputs/operation-sweep/with-degradation/full_100/05-robustness/nov/noise_005/stochastic/plans/plan_20091108T0000.parquet,41868
outputs/operation-sweep/with-degradation/full_100/05-robustness/nov/noise_005/stochastic/plans/plan_20091109T0000.parquet,41944
outputs/operation-sweep/with-degradation/full_100/05-robustness/nov/noise_005/stochastic/plans/plan_20091110T0000.parquet,41859
outputs/operation-sweep/with-degradation/full_100/05-robustness/nov/noise_010/prototype/metrics.json,2265
outputs/operation-sweep/with-degradation/full_100/05-robustness/nov/noise_010/prototype/operation_final.parquet,497792
outputs/operation-sweep/with-degradation/full_100/05-robustness/nov/noise_010/prototype/outage_calendar.json,240
outputs/operation-sweep/with-degradation/full_100/05-robustness/nov/noise_010/prototype/parameters_used.json,5895
outputs/operation-sweep/with-degradation/full_100/05-robustness/nov/noise_010/stochastic/metrics.json,2163
outputs/operation-sweep/with-degradation/full_100/05-robustness/nov/noise_010/stochastic/operation_final.parquet,451108
outputs/operation-sweep/with-degradation/full_100/05-robustness/nov/noise_010/stochastic/outage_calendar.json,240
outputs/operation-sweep/with-degradation/full_100/05-robustness/nov/noise_010/stochastic/parameters_used.json,5817
outputs/operation-sweep/with-degradation/full_100/05-robustness/nov/noise_010/stochastic/plans/plan_20091101T0000.parquet,41938
outputs/operation-sweep/with-degradation/full_100/05-robustness/nov/noise_010/stochastic/plans/plan_20091102T0000.parquet,41941
outputs/operation-sweep/with-degradation/full_100/05-robustness/nov/noise_010/stochastic/plans/plan_20091103T0000.parquet,42015
outputs/operation-sweep/with-degradation/full_100/05-robustness/nov/noise_010/stochastic/plans/plan_20091104T0000.parquet,41861
outputs/operation-sweep/with-degradation/full_100/05-robustness/nov/noise_010/stochastic/plans/plan_20091105T0000.parquet,41944
outputs/operation-sweep/with-degradation/full_100/05-robustness/nov/noise_010/stochastic/plans/plan_20091106T0000.parquet,41945
outputs/operation-sweep/with-degradation/full_100/05-robustness/nov/noise_010/stochastic/plans/plan_20091107T0000.parquet,41876
outputs/operation-sweep/with-degradation/full_100/05-robustness/nov/noise_010/stochastic/plans/plan_20091108T0000.parquet,41955
outputs/operation-sweep/with-degradation/full_100/05-robustness/nov/noise_010/stochastic/plans/plan_20091109T0000.parquet,41946
outputs/operation-sweep/with-degradation/full_100/05-robustness/nov/noise_010/stochastic/plans/plan_20091110T0000.parquet,42012
outputs/operation-sweep/with-degradation/full_100/05-robustness/nov/outage_2pct/prototype/metrics.json,2269
outputs/operation-sweep/with-degradation/full_100/05-robustness/nov/outage_2pct/prototype/operation_final.parquet,320006
outputs/operation-sweep/with-degradation/full_100/05-robustness/nov/outage_2pct/prototype/outage_calendar.json,241
outputs/operation-sweep/with-degradation/full_100/05-robustness/nov/outage_2pct/prototype/parameters_used.json,5896
outputs/operation-sweep/with-degradation/full_100/05-robustness/nov/outage_2pct/stochastic/metrics.json,2151
outputs/operation-sweep/with-degradation/full_100/05-robustness/nov/outage_2pct/stochastic/operation_final.parquet,282455
outputs/operation-sweep/with-degradation/full_100/05-robustness/nov/outage_2pct/stochastic/outage_calendar.json,241
outputs/operation-sweep/with-degradation/full_100/05-robustness/nov/outage_2pct/stochastic/parameters_used.json,5818
outputs/operation-sweep/with-degradation/full_100/05-robustness/nov/outage_2pct/stochastic/plans/plan_20091101T0000.parquet,41832
outputs/operation-sweep/with-degradation/full_100/05-robustness/nov/outage_2pct/stochastic/plans/plan_20091102T0000.parquet,41832
outputs/operation-sweep/with-degradation/full_100/05-robustness/nov/outage_2pct/stochastic/plans/plan_20091103T0000.parquet,41822
outputs/operation-sweep/with-degradation/full_100/05-robustness/nov/outage_2pct/stochastic/plans/plan_20091104T0000.parquet,41820
outputs/operation-sweep/with-degradation/full_100/05-robustness/nov/outage_2pct/stochastic/plans/plan_20091105T0000.parquet,41819
outputs/operation-sweep/with-degradation/full_100/05-robustness/nov/outage_2pct/stochastic/plans/plan_20091106T0000.parquet,41832
outputs/operation-sweep/with-degradation/full_100/05-robustness/nov/outage_2pct/stochastic/plans/plan_20091107T0000.parquet,41835
outputs/operation-sweep/with-degradation/full_100/05-robustness/nov/outage_2pct/stochastic/plans/plan_20091108T0000.parquet,41819
outputs/operation-sweep/with-degradation/full_100/05-robustness/nov/outage_2pct/stochastic/plans/plan_20091109T0000.parquet,41821
outputs/operation-sweep/with-degradation/full_100/05-robustness/nov/outage_2pct/stochastic/plans/plan_20091110T0000.parquet,41819
outputs/operation-sweep/with-degradation/full_100/05-robustness/nov/outage_5pct/prototype/metrics.json,2270
outputs/operation-sweep/with-degradation/full_100/05-robustness/nov/outage_5pct/prototype/operation_final.parquet,318673
outputs/operation-sweep/with-degradation/full_100/05-robustness/nov/outage_5pct/prototype/outage_calendar.json,241
outputs/operation-sweep/with-degradation/full_100/05-robustness/nov/outage_5pct/prototype/parameters_used.json,5896
outputs/operation-sweep/with-degradation/full_100/05-robustness/nov/outage_5pct/stochastic/metrics.json,2148
outputs/operation-sweep/with-degradation/full_100/05-robustness/nov/outage_5pct/stochastic/operation_final.parquet,287085
outputs/operation-sweep/with-degradation/full_100/05-robustness/nov/outage_5pct/stochastic/outage_calendar.json,241
outputs/operation-sweep/with-degradation/full_100/05-robustness/nov/outage_5pct/stochastic/parameters_used.json,5818
outputs/operation-sweep/with-degradation/full_100/05-robustness/nov/outage_5pct/stochastic/plans/plan_20091101T0000.parquet,41879
outputs/operation-sweep/with-degradation/full_100/05-robustness/nov/outage_5pct/stochastic/plans/plan_20091102T0000.parquet,41875
outputs/operation-sweep/with-degradation/full_100/05-robustness/nov/outage_5pct/stochastic/plans/plan_20091103T0000.parquet,41876
outputs/operation-sweep/with-degradation/full_100/05-robustness/nov/outage_5pct/stochastic/plans/plan_20091104T0000.parquet,41946
outputs/operation-sweep/with-degradation/full_100/05-robustness/nov/outage_5pct/stochastic/plans/plan_20091105T0000.parquet,41873
outputs/operation-sweep/with-degradation/full_100/05-robustness/nov/outage_5pct/stochastic/plans/plan_20091106T0000.parquet,41887
outputs/operation-sweep/with-degradation/full_100/05-robustness/nov/outage_5pct/stochastic/plans/plan_20091107T0000.parquet,41880
outputs/operation-sweep/with-degradation/full_100/05-robustness/nov/outage_5pct/stochastic/plans/plan_20091108T0000.parquet,41876
outputs/operation-sweep/with-degradation/full_100/05-robustness/nov/outage_5pct/stochastic/plans/plan_20091109T0000.parquet,41878
outputs/operation-sweep/with-degradation/full_100/05-robustness/nov/outage_5pct/stochastic/plans/plan_20091110T0000.parquet,41800
outputs/operation-sweep/with-degradation/full_100/05-robustness/nov/seed_44/prototype/metrics.json,2265
outputs/operation-sweep/with-degradation/full_100/05-robustness/nov/seed_44/prototype/operation_final.parquet,321148
outputs/operation-sweep/with-degradation/full_100/05-robustness/nov/seed_44/prototype/outage_calendar.json,393
outputs/operation-sweep/with-degradation/full_100/05-robustness/nov/seed_44/prototype/parameters_used.json,5897
outputs/operation-sweep/with-degradation/full_100/05-robustness/nov/seed_44/stochastic/metrics.json,2144
outputs/operation-sweep/with-degradation/full_100/05-robustness/nov/seed_44/stochastic/operation_final.parquet,294921
outputs/operation-sweep/with-degradation/full_100/05-robustness/nov/seed_44/stochastic/outage_calendar.json,393
outputs/operation-sweep/with-degradation/full_100/05-robustness/nov/seed_44/stochastic/parameters_used.json,5819
outputs/operation-sweep/with-degradation/full_100/05-robustness/nov/seed_44/stochastic/plans/plan_20091101T0000.parquet,41938
outputs/operation-sweep/with-degradation/full_100/05-robustness/nov/seed_44/stochastic/plans/plan_20091102T0000.parquet,41943
outputs/operation-sweep/with-degradation/full_100/05-robustness/nov/seed_44/stochastic/plans/plan_20091103T0000.parquet,41958
outputs/operation-sweep/with-degradation/full_100/05-robustness/nov/seed_44/stochastic/plans/plan_20091104T0000.parquet,41945
outputs/operation-sweep/with-degradation/full_100/05-robustness/nov/seed_44/stochastic/plans/plan_20091105T0000.parquet,41870
outputs/operation-sweep/with-degradation/full_100/05-robustness/nov/seed_44/stochastic/plans/plan_20091106T0000.parquet,41955
outputs/operation-sweep/with-degradation/full_100/05-robustness/nov/seed_44/stochastic/plans/plan_20091107T0000.parquet,41947
outputs/operation-sweep/with-degradation/full_100/05-robustness/nov/seed_44/stochastic/plans/plan_20091108T0000.parquet,42005
outputs/operation-sweep/with-degradation/full_100/05-robustness/nov/seed_44/stochastic/plans/plan_20091109T0000.parquet,41947
outputs/operation-sweep/with-degradation/full_100/05-robustness/nov/seed_44/stochastic/plans/plan_20091110T0000.parquet,41942
outputs/operation-sweep/with-degradation/full_100/05-robustness/nov/seed_47/prototype/metrics.json,2267
outputs/operation-sweep/with-degradation/full_100/05-robustness/nov/seed_47/prototype/operation_final.parquet,317833
outputs/operation-sweep/with-degradation/full_100/05-robustness/nov/seed_47/prototype/outage_calendar.json,394
outputs/operation-sweep/with-degradation/full_100/05-robustness/nov/seed_47/prototype/parameters_used.json,5897
outputs/operation-sweep/with-degradation/full_100/05-robustness/nov/seed_47/stochastic/metrics.json,2149
outputs/operation-sweep/with-degradation/full_100/05-robustness/nov/seed_47/stochastic/operation_final.parquet,291405
outputs/operation-sweep/with-degradation/full_100/05-robustness/nov/seed_47/stochastic/outage_calendar.json,394
outputs/operation-sweep/with-degradation/full_100/05-robustness/nov/seed_47/stochastic/parameters_used.json,5819
outputs/operation-sweep/with-degradation/full_100/05-robustness/nov/seed_47/stochastic/plans/plan_20091101T0000.parquet,41938
outputs/operation-sweep/with-degradation/full_100/05-robustness/nov/seed_47/stochastic/plans/plan_20091102T0000.parquet,41943
outputs/operation-sweep/with-degradation/full_100/05-robustness/nov/seed_47/stochastic/plans/plan_20091103T0000.parquet,41958
outputs/operation-sweep/with-degradation/full_100/05-robustness/nov/seed_47/stochastic/plans/plan_20091104T0000.parquet,41945
outputs/operation-sweep/with-degradation/full_100/05-robustness/nov/seed_47/stochastic/plans/plan_20091105T0000.parquet,41865
outputs/operation-sweep/with-degradation/full_100/05-robustness/nov/seed_47/stochastic/plans/plan_20091106T0000.parquet,41955
outputs/operation-sweep/with-degradation/full_100/05-robustness/nov/seed_47/stochastic/plans/plan_20091107T0000.parquet,41946
outputs/operation-sweep/with-degradation/full_100/05-robustness/nov/seed_47/stochastic/plans/plan_20091108T0000.parquet,41944
outputs/operation-sweep/with-degradation/full_100/05-robustness/nov/seed_47/stochastic/plans/plan_20091109T0000.parquet,41943
outputs/operation-sweep/with-degradation/full_100/05-robustness/nov/seed_47/stochastic/plans/plan_20091110T0000.parquet,41870
outputs/operation-sweep/with-degradation/full_100/05-robustness/pipeline_state.json,255
outputs/operation-sweep/with-degradation/full_100/05-robustness/summary.csv,55568
outputs/operation-sweep/with-degradation/full_100/campaign-inputs/operational_parameters.json,5199
outputs/operation-sweep/with-degradation/full_100/campaign-inputs/parameters.json,4225
outputs/operation-sweep/with-degradation/full_100/campaign-inputs/sizing_artifact.json,15059
outputs/operation-sweep/with-degradation/full_100/campaign_manifest.json,3393
outputs/operation-sweep/with-degradation/full_100/champion_mesh.json,478
outputs/paper-analysis/controller_monthly_paired.csv,69994
outputs/paper-analysis/controller_paired_statistics.csv,21461
outputs/paper-analysis/manifest.json,1080
outputs/paper-analysis/paper-assets/figures/fig_autonomy_sensitivity.pdf,12089
outputs/paper-analysis/paper-assets/figures/fig_bess_noise_robustness.pdf,8173
outputs/paper-analysis/paper-assets/figures/fig_controller_comparison.pdf,10776
outputs/paper-analysis/paper-assets/figures/fig_lstm_ideal_decomposition.pdf,9069
outputs/paper-analysis/paper-assets/figures/fig_mesh_tradeoff.pdf,11869
outputs/paper-analysis/paper-assets/figures/fig_sizing_degradation.pdf,8873
outputs/paper-analysis/paper-assets/tables/tab_autonomy.tex,733
outputs/paper-analysis/paper-assets/tables/tab_controller_comparison.tex,1139
outputs/paper-analysis/paper-assets/tables/tab_forecast_decomposition.tex,670
outputs/paper-analysis/paper-assets/tables/tab_mesh.tex,601
outputs/paper-analysis/paper-assets/tables/tab_robustness.tex,527
outputs/paper-analysis/paper-assets/tables/tab_sizing.tex,528
outputs/paper-analysis/paper-assets/tables/tables_all.tex,4303
outputs/paper-analysis/paper_result_summary.md,3282
outputs/paper-analysis/robustness_summary.csv,13988
outputs/paper-analysis/sizing_autonomy_processed.csv,5552
outputs/paper-analysis/sizing_degradation_comparison.csv,2147
outputs/sizing-sweep/economic/effective_parameters.json,4365
outputs/sizing-sweep/with-degradation/critical_50/effective_parameters.json,4365
outputs/sizing-sweep/with-degradation/critical_50/sizing_decision_variables.json,15201
outputs/sizing-sweep/with-degradation/economic/effective_parameters.json,4365
outputs/sizing-sweep/with-degradation/economic/sizing_decision_variables.json,15630
outputs/sizing-sweep/with-degradation/full_100/effective_parameters.json,4365
outputs/sizing-sweep/with-degradation/full_100/sizing_decision_variables.json,15059
outputs/sizing-sweep/with-degradation/manifest.json,4841
outputs/sizing-sweep/with-degradation/parameters.json,4225
outputs/sizing-sweep/with-degradation/sizing_resilience_report.pdf,11952
outputs/sizing-sweep/with-degradation/summary.csv,1113
outputs/sizing-sweep/without-degradation/critical_50/effective_parameters.json,4351
outputs/sizing-sweep/without-degradation/critical_50/sizing_decision_variables.json,14893
outputs/sizing-sweep/without-degradation/economic/effective_parameters.json,4351
outputs/sizing-sweep/without-degradation/economic/sizing_decision_variables.json,15179
outputs/sizing-sweep/without-degradation/full_100/effective_parameters.json,4351
outputs/sizing-sweep/without-degradation/full_100/sizing_decision_variables.json,14699
outputs/sizing-sweep/without-degradation/manifest.json,4843
outputs/sizing-sweep/without-degradation/parameters.json,4211
outputs/sizing-sweep/without-degradation/sizing_resilience_report.pdf,11755
outputs/sizing-sweep/without-degradation/summary.csv,1112
