{
  "solver_status": "ok",
  "termination_condition": "optimal",
  "decision_variables": {
    "P_hat_PV_kw": 2.5,
    "E_hat_BESS_kwh": 4.1413754650328105
  },
  "objective_breakdown": {
    "CAPEX": 5176.719331291013,
    "OPEX_day": 2.325319175386322,
    "OPEX_annual": 848.7414990160074,
    "NPV_OPEX": 5695.124545056988,
    "Objective": 10871.843876348
  },
  "metadata": {
    "slots": [
      0,
      1,
      2,
      3,
      4,
      5,
      6,
      7,
      8,
      9,
      10,
      11,
      12,
      13,
      14,
      15,
      16,
      17,
      18,
      19,
      20,
      21,
      22,
      23,
      24,
      25,
      26,
      27,
      28,
      29,
      30,
      31,
      32,
      33,
      34,
      35,
      36,
      37,
      38,
      39,
      40,
      41,
      42,
      43,
      44,
      45,
      46,
      47
    ],
    "scenarios": [
      "s0",
      "s1",
      "s2",
      "s3",
      "s4",
      "s5",
      "s6",
      "s7",
      "s8",
      "s9",
      "s10",
      "s11",
      "s12",
      "s13",
      "s14",
      "s15",
      "s16",
      "s17",
      "s18",
      "s19",
      "s20",
      "s21",
      "s22",
      "s23"
    ],
    "contingencies": [
      "c0",
      "c_0",
      "c_1",
      "c_2",
      "c_3",
      "c_4",
      "c_5",
      "c_6",
      "c_7",
      "c_8",
      "c_9",
      "c_10",
      "c_11",
      "c_12",
      "c_13",
      "c_14",
      "c_15",
      "c_16",
      "c_17",
      "c_18",
      "c_19",
      "c_20",
      "c_21",
      "c_22",
      "c_23",
      "c_24",
      "c_25",
      "c_26",
      "c_27",
      "c_28",
      "c_29",
      "c_30",
      "c_31",
      "c_32",
      "c_33",
      "c_34",
      "c_35",
      "c_36",
      "c_37",
      "c_38",
      "c_39",
      "c_40",
      "c_41",
      "c_42",
      "c_43",
      "c_44",
      "c_45",
      "c_46",
      "c_47"
    ],
    "dt_h": 0.5,
    "cluster_load_of_s": {
      "s0": 0,
      "s1": 0,
      "s2": 0,
      "s3": 0,
      "s4": 1,
      "s5": 1,
      "s6": 1,
      "s7": 1,
      "s8": 2,
      "s9": 2,
      "s10": 2,
      "s11": 2,
      "s12": 3,
      "s13": 3,
      "s14": 3,
      "s15": 3,
      "s16": 4,
      "s17": 4,
      "s18": 4,
      "s19": 4,
      "s20": 5,
      "s21": 5,
      "s22": 5,
      "s23": 5
    },
    "cluster_pv_of_s": {
      "s0": 0,
      "s1": 1,
      "s2": 2,
      "s3": 3,
      "s4": 0,
      "s5": 1,
      "s6": 2,
      "s7": 3,
      "s8": 0,
      "s9": 1,
      "s10": 2,
      "s11": 3,
      "s12": 0,
      "s13": 1,
      "s14": 2,
      "s15": 3,
      "s16": 0,
      "s17": 1,
      "s18": 2,
      "s19": 3,
      "s20": 0,
      "s21": 1,
      "s22": 2,
      "s23": 3
    }
  }
}